id_Cliente;CNPJ;Nome_Empresa;Segmento;UF;Cidade;Data_Cadastro;Status_Ativo;;
805;643-61-5861;Yodoo;Serviços;MA;San Isidro;03/07/2011;Inativo;;
743;679-30-1893;Topdrive;Varejo;RJ;Tajumulco;25/08/2011;Inativo;;
347;355-87-5433;Yoveo;Industria;RR;Río Pico;05/03/2015;Inativo;;
544;162-92-6055;Zoozzy;Serviços;AM;Szelków;18/03/2019;Ativo;;
759;697-27-4652;Yoveo;Serviços;RR;Ribeiro;24/02/2013;Inativo;;
29;875-10-4233;Photolist;Industria;GO;Wenfu;13/12/2010;Inativo;;
348;730-23-0749;Camimbo;Serviços;MA;Kayanza;14/05/2015;Inativo;;
779;827-01-1774;Voolia;Industria;MS;Changlong;30/08/2019;Inativo;;
44;470-61-6973;Quire;Varejo;MG;Profítis Ilías;01/06/2017;Inativo;;
888;108-96-7304;Babbleblab;Varejo;MG;Soly;02/06/2012;Inativo;;
223;737-87-8407;Aivee;Serviços;MG;Norrköping;16/09/2020;Inativo;;
887;831-89-9155;Twimm;Industria;MA;Ureshino;30/03/2021;Ativo;;
763;616-51-3264;Quatz;Industria;PR;Lagoaça;23/08/2017;Inativo;;
118;389-39-2981;Meetz;Varejo;RN;Argelia;24/03/2009;Ativo;;
267;379-05-5146;Leexo;Serviços;PR;Jämsänkoski;09/09/2023;Ativo;;
925;824-11-7295;Chatterpoint;Varejo;GO;Logung;06/02/2024;Inativo;;
271;376-45-3235;Realblab;Serviços;SE;Abéché;27/11/2010;Inativo;;
906;276-12-5152;Yakitri;Industria;PA;Jatobá;17/01/2025;Inativo;;
957;559-82-3119;Podcat;Industria;SC;Saribudolok;25/04/2011;Inativo;;
125;454-31-4481;Tazz;Serviços;MS;Yafan;03/08/2024;Ativo;;
443;542-51-2100;Oyope;Industria;MT;Sar-e Pul;31/10/2013;Inativo;;
608;608-21-4377;Avavee;Varejo;MT;Ménaka;09/01/2010;Ativo;;
832;586-35-1023;Dynazzy;Serviços;RN;Ilihan;03/07/2024;Ativo;;
112;812-48-2996;Flashdog;Industria;MT;Kasingan;24/02/2015;Ativo;;
97;527-31-7467;Mycat;Serviços;MT;Maluko;19/03/2018;Inativo;;
617;196-37-5667;Kamba;Serviços;RN;Lugang;27/10/2008;Inativo;;
957;502-11-0699;Voonix;Serviços;SC;Agra;14/06/2022;Ativo;;
537;295-33-9169;Thoughtblab;Varejo;MS;Pico da Pedra;07/11/2023;Ativo;;
946;225-08-0704;Yodel;Industria;MT;Tanūmah;29/07/2007;Ativo;;
536;524-43-3497;Flashspan;Industria;RR;Mandráki;17/08/2019;Ativo;;
859;561-54-4593;Gabtune;Industria;RN;Yuquan;13/04/2008;Inativo;;
429;727-53-2999;Fatz;Industria;AM;Bohorodchany;25/06/2014;Ativo;;
333;191-37-4915;Zoozzy;Industria;MS;Tanjung Palas;28/03/2008;Ativo;;
452;805-38-5917;Photobug;Serviços;RN;Rio Claro;27/04/2008;Ativo;;
201;246-58-7828;Trilia;Varejo;RJ;Qingchuan;08/05/2022;Ativo;;
140;815-41-7690;Pixope;Serviços;MT;Biankouma;22/08/2013;Inativo;;
735;460-72-6369;Twiyo;Varejo;PR;Santo António da Charneca;07/04/2008;Ativo;;
405;741-82-6832;Feedfire;Varejo;AM;Babakan;20/10/2016;Inativo;;
809;107-82-6638;Yakijo;Serviços;PR;Argivai;07/07/2024;Ativo;;
16;268-31-0706;Wordify;Serviços;SE;Strömsund;21/01/2007;Inativo;;
121;737-67-1399;Youbridge;Varejo;SE;Touho;10/10/2008;Ativo;;
747;771-81-1998;Babbleset;Industria;AM;Paris 16;11/10/2014;Inativo;;
582;729-16-3093;Meevee;Serviços;MA;Mugala;24/11/2007;Ativo;;
579;466-18-7328;Tagchat;Varejo;RN;Tékane;25/09/2025;Ativo;;
985;196-08-1305;Skajo;Serviços;PA;Qaryat ad Da‘īs;23/12/2010;Inativo;;
818;113-41-1005;Yozio;Industria;RJ;La Bélgica;10/01/2009;Inativo;;
664;541-47-8583;Rhynyx;Serviços;AM;Vila Franca do Campo;11/12/2020;Inativo;;
917;714-04-3501;Kwilith;Serviços;PA;Linjiang;07/04/2011;Ativo;;
184;426-34-1442;Feedfish;Varejo;GO;Sapphaya;15/10/2008;Inativo;;
346;564-68-3870;Oozz;Varejo;PA;Muktāgācha;22/11/2021;Inativo;;
437;369-11-4046;Voolith;Industria;RJ;São Francisco do Sul;10/11/2020;Inativo;;
732;611-31-3234;Flashdog;Varejo;GO;Miandrivazo;19/06/2017;Inativo;;
584;665-12-7389;Dynabox;Varejo;GO;Bera;08/11/2013;Inativo;;
578;791-61-3920;Topiczoom;Industria;MA;Monastirákion;11/06/2014;Inativo;;
248;155-55-3375;Eadel;Serviços;SP;Dongxiang;18/02/2012;Ativo;;
171;611-11-4538;Yakijo;Industria;AM;Guamal;25/08/2015;Inativo;;
460;256-06-4352;Skajo;Serviços;PR;Yijiang;21/02/2016;Inativo;;
350;317-45-7805;Wordware;Varejo;MA;Businovo;22/07/2020;Ativo;;
776;888-04-5637;Aimbu;Industria;SC;Paris 19;05/10/2018;Inativo;;
448;745-82-0378;Tazz;Industria;SC;Lyski;01/12/2007;Inativo;;
728;689-27-8186;Brainverse;Serviços;SC;Margaharja;25/06/2025;Inativo;;
659;884-10-7382;Twimm;Varejo;MT;Macau;08/04/2016;Ativo;;
487;647-38-4178;Oba;Varejo;SE;Shuangqiao;20/03/2020;Ativo;;
938;614-39-2911;Dabshots;Serviços;PR;Lomba do Loução;04/09/2015;Ativo;;
422;709-68-9352;Mycat;Varejo;SE;Guantian;06/01/2014;Ativo;;
345;575-51-7276;Skinte;Varejo;AM;Zhongfan;26/04/2018;Inativo;;
469;355-16-3886;Yakitri;Varejo;GO;Marinhais;20/10/2009;Ativo;;
308;100-26-4141;Wordware;Serviços;AM;Eloúnda;15/02/2018;Ativo;;
238;825-18-5983;Plajo;Serviços;MT;Baun;09/09/2016;Ativo;;
354;263-65-2049;Zoonder;Serviços;AM;Bella Vista;30/12/2021;Inativo;;
513;696-33-3014;Blogpad;Industria;TO;Mashan;20/12/2019;Inativo;;
564;579-97-5796;Katz;Serviços;MG;Arys;25/08/2010;Ativo;;
347;725-84-0946;Photospace;Varejo;RR;Bagenalstown;13/05/2024;Ativo;;
6;238-83-4951;Rhynoodle;Varejo;RR;Maharagama;02/07/2019;Ativo;;
493;791-15-5831;Jamia;Industria;MA;Rydzyna;19/08/2009;Inativo;;
476;391-02-0037;Jaloo;Serviços;GO;Leyuan;06/12/2010;Ativo;;
153;509-46-0639;Livefish;Industria;TO;Montongtebolak;06/08/2010;Ativo;;
359;485-56-9484;Wordify;Varejo;GO;Gojō;14/12/2022;Ativo;;
142;554-67-3000;Camimbo;Industria;PA;Puget-sur-Argens;01/04/2013;Ativo;;
516;271-67-8896;Ooba;Serviços;SE;Jiangkou;26/03/2016;Inativo;;
552;120-22-2783;Zava;Varejo;MT;Modimolle;05/04/2020;Ativo;;
932;455-62-9406;Topiczoom;Industria;RS;Sobreira;04/04/2024;Inativo;;
618;864-14-2954;Dabjam;Industria;MG;Lyon;16/08/2020;Inativo;;
747;529-42-1800;Roodel;Industria;SP;Lebu;31/10/2016;Inativo;;
344;194-39-5482;Ntag;Industria;GO;Lian’an;14/10/2010;Inativo;;
638;594-38-5562;Yoveo;Serviços;AM;Yonezawa;08/11/2021;Ativo;;
221;839-43-5459;Kwimbee;Serviços;GO;Konza;22/05/2010;Inativo;;
314;225-92-8440;Bluezoom;Varejo;TO;Pembroke;13/07/2025;Ativo;;
454;289-58-7550;Fivespan;Serviços;RJ;Bautista;24/02/2018;Inativo;;
494;759-48-7515;Voomm;Industria;SC;Gataivai;30/08/2009;Inativo;;
16;462-80-2859;Einti;Serviços;SP;Červenka;05/11/2009;Inativo;;
96;188-01-6009;Gigashots;Serviços;RR;Kampungsusah;11/04/2017;Inativo;;
632;437-10-4896;Tazz;Varejo;PR;Lubaczów;07/10/2020;Ativo;;
600;563-14-4282;Eayo;Industria;RS;Castêlo;12/05/2011;Ativo;;
331;213-80-8899;Skivee;Serviços;MS;Biscoitos;27/09/2012;Ativo;;
152;487-22-2116;Edgewire;Industria;MT;Bagu;20/04/2013;Inativo;;
691;180-35-2139;Quinu;Varejo;MS;Villa Ángela;05/10/2015;Ativo;;
524;745-01-4535;Bluejam;Serviços;RS;Kertanegla;29/07/2021;Ativo;;
550;447-33-7425;JumpXS;Varejo;MT;Nantes;10/03/2007;Inativo;;
993;838-89-5641;Edgetag;Industria;SE;Kampungdesa;27/01/2012;Ativo;;
396;559-50-4229;Topiczoom;Industria;SC;Jrashen;24/01/2023;Ativo;;
457;772-64-3264;Centizu;Serviços;MS;Kostomuksha;20/05/2021;Ativo;;
29;341-26-2483;Muxo;Serviços;MG;Itacurubí del Rosario;30/03/2024;Ativo;;
429;250-53-7769;Feedfire;Varejo;RJ;Nanwai;17/06/2016;Ativo;;
18;641-45-6905;Aivee;Industria;MS;Karlskrona;07/03/2018;Inativo;;
433;705-75-9350;Twitterlist;Serviços;PA;Huquan;26/09/2011;Ativo;;
580;738-76-6896;Eazzy;Serviços;MG;Andkhōy;31/05/2012;Ativo;;
55;377-26-8095;Leexo;Varejo;RN;Kuching;18/08/2018;Ativo;;
51;808-48-7191;Aimbu;Varejo;AM;Petukhovo;30/11/2010;Ativo;;
817;171-53-4041;Yotz;Industria;RR;Opočno;22/02/2025;Ativo;;
483;397-58-5104;Quimba;Serviços;SC;Oni;12/03/2024;Ativo;;
824;310-97-7447;Reallinks;Serviços;TO;Suren;14/03/2025;Ativo;;
812;693-82-2756;Browsebug;Varejo;RS;Koror;29/04/2024;Inativo;;
921;101-65-4087;Kwilith;Serviços;RJ;Brignoles;18/07/2025;Ativo;;
6;235-02-5224;Oloo;Varejo;TO;Pasar Kulon;27/02/2019;Ativo;;
575;315-50-6898;Rhyzio;Industria;GO;Zhuge;18/02/2025;Ativo;;
738;119-90-2631;Avamm;Serviços;RS;Luzern;05/01/2009;Inativo;;
612;714-15-7155;Katz;Industria;TO;Fucheng;30/08/2008;Inativo;;
885;549-48-6734;Chatterbridge;Serviços;MT;Maralal;11/08/2020;Ativo;;
961;349-64-7649;Photojam;Varejo;MS;Liujiage;20/10/2008;Ativo;;
953;648-55-2314;Twitterwire;Industria;RJ;Lazarevac;20/03/2018;Inativo;;
396;405-68-4536;Twiyo;Varejo;MG;Baranowo;13/04/2011;Inativo;;
201;665-02-6978;Trilith;Industria;SP;Tucheng;28/05/2023;Ativo;;
703;824-91-8620;Twitterlist;Serviços;RR;Křížová;16/01/2024;Inativo;;
71;139-94-3114;Skivee;Industria;RN;Thị Trấn Mỹ Lộc;26/10/2007;Inativo;;
893;736-03-3768;Oodoo;Serviços;PA;Savannakhét;14/10/2007;Ativo;;
641;234-49-0602;Blogpad;Serviços;SP;Yangzi;01/04/2014;Inativo;;
220;508-68-8493;Zoonoodle;Serviços;GO;Huangben;08/09/2021;Inativo;;
240;228-83-0174;Quatz;Serviços;AM;Dongchuan;26/07/2019;Inativo;;
425;600-36-0703;Meejo;Serviços;RS;Dmitriyevskoye;20/08/2021;Ativo;;
398;802-96-5977;Kaymbo;Varejo;PA;Barrancabermeja;23/10/2017;Inativo;;
175;422-36-5217;Jaxspan;Varejo;MS;Cauayan;05/12/2017;Ativo;;
876;524-64-4774;Yodel;Industria;TO;La Libertad;19/04/2024;Ativo;;
590;342-35-3135;Layo;Varejo;MA;Kiev;12/06/2025;Ativo;;
414;407-25-1775;Buzzbean;Industria;RS;Menzel Jemil;06/06/2018;Inativo;;
919;265-28-7603;Devbug;Industria;MT;Pantai Ceuremen;28/04/2008;Ativo;;
321;335-81-8143;Zava;Serviços;RS;Bayshint;24/05/2007;Ativo;;
561;678-97-8809;Yoveo;Varejo;TO;Zhengdonglu;12/02/2014;Inativo;;
240;320-19-2787;Meejo;Serviços;MG;Marne-la-Vallée;24/07/2010;Inativo;;
393;129-01-7895;Fadeo;Serviços;RR;Honoria;12/02/2019;Ativo;;
74;323-76-1966;Ntags;Industria;RJ;Čair;29/12/2017;Inativo;;
719;346-86-8796;Skajo;Varejo;SC;Huohua;13/10/2018;Inativo;;
444;254-11-1033;Podcat;Industria;MA;Punta de Bombón;06/10/2015;Ativo;;
445;885-38-8124;Skilith;Serviços;MG;Kiambu;21/11/2023;Inativo;;
172;281-03-5503;Buzzdog;Serviços;TO;Itako;02/08/2016;Inativo;;
285;895-75-9003;Realmix;Serviços;MT;Zeqin;28/09/2008;Ativo;;
815;361-77-9837;Topdrive;Varejo;MA;Weton;28/10/2014;Inativo;;
175;212-11-0836;Yabox;Serviços;SE;Pakokku;08/05/2014;Inativo;;
103;155-47-4173;Avavee;Serviços;RJ;Guang’an;25/08/2021;Inativo;;
500;230-02-0982;Trilith;Varejo;PA;Arcos;25/06/2025;Inativo;;
125;314-10-2035;Cogidoo;Varejo;MS;Vélo;07/04/2023;Inativo;;
244;805-15-2242;Fiveclub;Industria;AM;Yihe;22/03/2010;Inativo;;
324;806-39-4448;Abata;Industria;AM;Abaeté;28/06/2008;Ativo;;
280;506-56-6644;Edgepulse;Varejo;PA;Qibu;16/06/2021;Inativo;;
500;888-37-0477;Meevee;Varejo;AM;Želešice;01/02/2021;Ativo;;
871;467-83-7199;Izio;Serviços;TO;Velyki Mezhyrichi;23/04/2025;Ativo;;
467;836-66-1610;Ntag;Industria;RS;Kamyshevatskaya;13/04/2016;Inativo;;
236;286-72-5273;Mynte;Industria;SE;Aqtöbe;20/06/2022;Inativo;;
166;548-40-0017;Chatterpoint;Serviços;MA;Szklarska Poręba;02/06/2024;Inativo;;
659;258-18-9436;Fliptune;Serviços;SE;Na Wa;21/08/2023;Ativo;;
378;720-84-7053;Brainlounge;Industria;GO;Fontaínhas;03/11/2017;Ativo;;
601;830-64-8281;Skajo;Industria;MA;Verkhniye Achaluki;23/09/2017;Inativo;;
738;774-66-2495;Voonix;Industria;AM;Yashio-shi;07/11/2014;Ativo;;
463;590-96-5516;Fivebridge;Varejo;SE;Göteborg;11/04/2007;Ativo;;
208;446-94-4985;Topicblab;Serviços;MG;Klatakan;11/10/2010;Ativo;;
542;236-07-4122;Feedspan;Varejo;TO;Gião;19/04/2022;Ativo;;
756;131-31-7607;Mycat;Industria;RJ;Koloniya Zastav’ye;19/09/2023;Inativo;;
939;813-89-4038;Quatz;Serviços;RJ;Miaoyu;12/09/2019;Inativo;;
970;196-32-1613;Zoovu;Industria;AM;Kamirenjaku;17/08/2022;Inativo;;
533;258-51-0126;Pixoboo;Varejo;MT;Majāz al Bāb;23/06/2017;Inativo;;
285;771-05-7806;Fanoodle;Serviços;MS;Jabal os Saraj;22/08/2015;Ativo;;
62;773-34-5632;Meedoo;Industria;SC;Lins;29/08/2020;Inativo;;
496;746-83-2849;Yakijo;Industria;RN;Quốc Oai;10/07/2019;Inativo;;
583;766-39-8148;Blogspan;Varejo;RR;Muting;05/08/2019;Inativo;;
742;348-15-5587;Voonix;Industria;SP;Al Fashn;14/11/2023;Ativo;;
441;889-48-6660;Realcube;Varejo;PA;Church End;17/02/2008;Ativo;;
844;390-12-6142;Wordify;Serviços;MG;Ceadîr-Lunga;24/01/2012;Inativo;;
425;425-69-3953;Twitternation;Industria;RR;Aragua de Barcelona;07/06/2022;Inativo;;
561;392-83-3280;Browsedrive;Serviços;SE;Concepción de La Vega;05/01/2024;Ativo;;
811;262-87-3757;Edgetag;Industria;SP;Нераште;09/02/2021;Inativo;;
433;231-90-4765;Brainverse;Industria;PR;Couva;26/06/2025;Inativo;;
85;825-90-8852;Divanoodle;Varejo;RR;Saparua;13/07/2010;Inativo;;
188;633-75-7628;Flashdog;Industria;MG;Qili;10/09/2017;Ativo;;
64;287-94-1839;Flashdog;Serviços;MT;Gusau;14/05/2008;Ativo;;
794;111-02-1033;Kamba;Serviços;RR;São Gotardo;10/06/2009;Ativo;;
508;705-83-5697;Zava;Industria;RR;Blagoveshchenka;08/01/2015;Ativo;;
135;145-41-0032;Edgetag;Industria;RR;Vyshhorod;03/04/2013;Ativo;;
435;837-51-2313;InnoZ;Serviços;GO;Mengeš;30/06/2012;Inativo;;
382;505-89-9040;Riffpath;Varejo;SC;Irving;04/07/2023;Ativo;;
815;593-84-1024;Wordtune;Varejo;TO;Jimaguayú;08/12/2016;Ativo;;
425;141-65-3471;Youbridge;Varejo;RJ;Darunban;14/08/2014;Inativo;;
838;731-45-8346;Centidel;Varejo;MG;Kítsi;30/10/2015;Inativo;;
948;500-84-5616;Cogibox;Industria;RS;Maralik;27/12/2017;Ativo;;
495;303-14-1605;Mita;Serviços;MS;Brody;11/02/2014;Ativo;;
347;691-20-6501;Tagfeed;Industria;MA;Malamig;18/03/2017;Ativo;;
654;176-71-5733;Vimbo;Serviços;MS;Kantharalak;27/06/2015;Inativo;;
102;769-18-1162;Vipe;Varejo;GO;Tsivil’sk;30/05/2014;Inativo;;
769;781-25-3170;Blogspan;Varejo;RJ;Aotou;24/05/2009;Ativo;;
538;859-46-7962;Zoonoodle;Varejo;TO;Mâcon;28/06/2015;Ativo;;
863;290-92-5537;Trudoo;Industria;SC;Casal;10/09/2013;Inativo;;
188;124-57-4562;Edgeblab;Varejo;RS;Xixi;24/10/2013;Inativo;;
481;398-79-4321;Kwimbee;Varejo;GO;Obala;29/06/2015;Ativo;;
645;355-22-5952;Feedfish;Varejo;MT;Caseros;01/04/2021;Inativo;;
17;803-11-4587;Chatterbridge;Serviços;PR;Ujar;30/11/2018;Inativo;;
948;300-21-8158;Jazzy;Industria;MA;Kowo;15/01/2025;Inativo;;
496;767-74-5793;Wordtune;Varejo;SE;Boguchwała;20/02/2015;Ativo;;
654;271-01-2100;Vidoo;Varejo;PA;Provo;07/07/2025;Ativo;;
947;497-28-8151;Oba;Varejo;MS;Spiczyn;06/01/2024;Inativo;;
421;694-88-7026;Babbleopia;Industria;MA;Vyborg;20/04/2015;Ativo;;
13;593-47-0696;Mydo;Varejo;PA;Mitsuke;26/10/2014;Ativo;;
825;420-35-0062;Babbleopia;Varejo;RR;Kosikha;06/09/2009;Ativo;;
624;165-39-5829;Skinder;Serviços;SC;Addiet Canna;02/11/2024;Inativo;;
930;265-49-1492;Pixonyx;Varejo;SE;Mosal’sk;11/07/2023;Ativo;;
269;477-58-4915;Brightdog;Industria;SC;Jibiya;29/03/2007;Inativo;;
700;752-90-9031;Camimbo;Industria;RR;Aydūn;08/05/2016;Ativo;;
216;262-14-6776;Fivespan;Serviços;PA;Niebylec;30/07/2008;Inativo;;
456;623-70-7558;Bubbletube;Serviços;MS;Kassiri;08/11/2014;Inativo;;
963;237-59-0981;Oyope;Serviços;RS;Chezhan;08/11/2010;Inativo;;
94;545-69-2857;Kamba;Serviços;PA;Donghu;07/05/2014;Ativo;;
474;620-49-8695;Realpoint;Serviços;MS;Cordeiro;14/09/2013;Ativo;;
349;306-79-3103;Gigabox;Serviços;MS;Bahāwalnagar;12/07/2012;Inativo;;
480;485-86-5481;Janyx;Industria;SC;Ribeiro;05/05/2020;Inativo;;
420;747-47-7373;Meejo;Industria;RJ;Panbang;10/02/2015;Ativo;;
963;823-87-0459;Buzzdog;Serviços;MT;Paisha;26/10/2009;Inativo;;
333;851-64-0820;Divavu;Serviços;PA;Sendangagung;26/12/2012;Inativo;;
237;714-47-1291;Youtags;Serviços;MA;Huangcun;22/03/2022;Ativo;;
649;639-28-5811;Podcat;Industria;MA;Tuanlin;11/12/2013;Inativo;;
434;284-14-3240;Feedspan;Serviços;PR;Vylkove;04/01/2020;Ativo;;
421;472-02-7999;Twitternation;Serviços;TO;Kuala Lumpur;02/01/2013;Inativo;;
889;890-54-4992;Skyvu;Industria;RN;Lianhua;18/02/2021;Inativo;;
407;157-77-8072;Ozu;Industria;TO;Matahuasi;24/10/2023;Ativo;;
668;319-75-3973;Oyope;Varejo;RJ;Valerianovsk;26/11/2022;Ativo;;
106;804-17-2799;Flipbug;Industria;MG;Pasargunung;24/06/2024;Inativo;;
665;401-53-2091;Kayveo;Serviços;RS;Malabago;04/04/2023;Ativo;;
154;539-74-5265;Kanoodle;Varejo;RJ;Tumba;24/12/2009;Ativo;;
651;518-69-0878;Tanoodle;Varejo;RJ;Bailu;02/09/2016;Ativo;;
212;456-39-0334;Wordtune;Industria;MG;Apucarana;04/03/2020;Inativo;;
144;869-20-3215;Babbleblab;Varejo;RR;Chendian;28/08/2013;Inativo;;
875;569-85-0303;Tagtune;Industria;MG;Buritama;06/05/2021;Ativo;;
135;201-09-8543;Flashdog;Industria;MT;Chixi;20/04/2020;Ativo;;
462;203-52-7003;Yakijo;Industria;GO;Balazar;25/12/2014;Inativo;;
738;387-66-7689;Eabox;Varejo;MT;Newport Beach;20/09/2015;Inativo;;
1000;574-45-8984;Youfeed;Serviços;RN;5 de Mayo;25/05/2019;Ativo;;
159;855-40-4303;Camimbo;Serviços;SE;Ivry-sur-Seine;03/01/2007;Inativo;;
153;822-93-6854;Trilia;Varejo;MT;Liangshui;26/02/2017;Ativo;;
925;227-86-6426;Devpulse;Industria;RS;Isulan;05/11/2020;Inativo;;
9;727-15-0989;Babblestorm;Varejo;TO;Bambakashat;08/07/2023;Inativo;;
705;673-10-1098;Topicblab;Serviços;TO;Nanlin;24/09/2016;Ativo;;
223;711-41-9333;Avamm;Industria;MG;Rzeczenica;07/09/2014;Ativo;;
64;454-93-8410;Roodel;Varejo;MA;Cakran;23/02/2024;Inativo;;
799;127-87-4712;Eabox;Serviços;SE;Banff;31/05/2012;Inativo;;
28;814-14-1546;Livetube;Serviços;RJ;Bilohirs’k;26/12/2022;Inativo;;
931;549-59-8255;Jabberbean;Industria;PR;Itsandzéni;16/08/2016;Ativo;;
383;585-75-8426;Skynoodle;Serviços;PA;Uppsala;23/09/2022;Inativo;;
803;298-93-5851;Meeveo;Varejo;PR;Pizhma;24/09/2019;Inativo;;
680;430-06-1994;Mycat;Varejo;GO;Shiyun;02/11/2015;Inativo;;
579;459-75-3399;Voonyx;Industria;RN;Cipanas;18/01/2011;Inativo;;
60;357-96-9423;Quimba;Varejo;TO;Bronnitsy;01/11/2011;Inativo;;
183;138-30-9244;Yadel;Varejo;RJ;Cimanggu;14/03/2013;Ativo;;
315;599-88-9822;Tagfeed;Varejo;RR;Ristinummi;28/03/2024;Ativo;;
744;748-81-4510;Oyoloo;Industria;RS;Ransang;24/09/2018;Inativo;;
277;740-44-7853;Aibox;Serviços;SP;Minas de Oro;20/02/2019;Ativo;;
498;263-66-6796;Viva;Serviços;PR;Mariestad;06/02/2009;Ativo;;
359;131-51-0327;Wikibox;Serviços;SC;Lansing;09/01/2010;Ativo;;
287;208-26-9219;Zoombox;Varejo;RJ;Saint Petersburg;19/06/2015;Inativo;;
129;167-50-4351;Bubblebox;Varejo;SP;Villaba;15/08/2021;Ativo;;
538;718-69-8300;DabZ;Serviços;GO;Malaba;29/12/2019;Inativo;;
964;481-28-5367;Edgeclub;Varejo;RR;Al Baqāliţah;16/12/2019;Inativo;;
660;685-52-9891;Ailane;Industria;RJ;Bailianhe;30/11/2021;Inativo;;
481;456-74-4476;Oyope;Serviços;RS;Makoko;11/09/2016;Ativo;;
47;126-13-8698;Zoomdog;Serviços;AM;Quintela;08/10/2021;Ativo;;
347;236-85-5190;Yakijo;Serviços;RS;Liuqu;12/09/2022;Ativo;;
876;813-13-9563;Linkbuzz;Serviços;PR;Denton;08/07/2019;Inativo;;
368;515-07-6829;Eimbee;Industria;RN;Albuquerque;02/03/2012;Ativo;;
263;578-08-7933;Feedfish;Industria;TO;Kota Kinabalu;27/03/2014;Inativo;;
794;675-09-8921;Skyble;Industria;GO;Vinhais;23/10/2011;Ativo;;
419;185-84-2098;Zooxo;Varejo;AM;Wangwu;29/07/2023;Ativo;;
508;424-14-0775;Zoombox;Industria;SC;Kalandagan;13/11/2016;Inativo;;
137;404-25-7390;Eire;Industria;RS;Sukacai Tengah;25/11/2019;Ativo;;
65;351-01-2039;Fadeo;Varejo;MT;Zhangjiawan;13/03/2025;Ativo;;
427;447-92-9777;Yacero;Varejo;RS;Baizhifang;02/09/2010;Inativo;;
818;551-65-2037;Photospace;Varejo;AM;Mochudi;15/09/2010;Inativo;;
156;573-57-5919;Centizu;Varejo;MS;Cruz das Almas;22/11/2022;Ativo;;
873;634-74-3428;Eadel;Varejo;AM;San Bernardo;23/06/2023;Ativo;;
569;479-78-2415;Gigashots;Industria;SC;Chenglin;19/09/2021;Inativo;;
555;224-42-2125;Abatz;Serviços;PR;Lete;18/04/2009;Ativo;;
759;634-03-4995;Browseblab;Industria;RN;Yabēlo;21/07/2025;Ativo;;
57;179-28-1187;Meedoo;Industria;GO;Lenešice;01/09/2024;Ativo;;
335;616-15-2715;Camido;Serviços;MT;Vilémov;14/12/2022;Inativo;;
185;868-90-7063;Nlounge;Industria;TO;Curug;10/06/2025;Ativo;;
757;539-64-2683;Quamba;Industria;TO;Garhi Khairo;22/04/2015;Ativo;;
417;433-78-1209;Oloo;Industria;MG;Kristinehamn;14/03/2023;Ativo;;
851;614-62-1159;Bubbletube;Serviços;MA;Ágios Efstrátios;01/12/2017;Inativo;;
176;607-14-3940;Ooba;Serviços;SP;La Esperanza;07/09/2023;Inativo;;
495;375-86-0916;Oyoba;Industria;SC;Oslo;28/05/2015;Ativo;;
94;490-71-2070;Photojam;Serviços;MG;Shimiaozi;14/10/2019;Ativo;;
595;516-24-6900;Twitternation;Serviços;MA;Gaspra;01/05/2018;Ativo;;
795;542-98-3396;Oyoyo;Industria;GO;San Jose;16/07/2007;Ativo;;
960;754-84-4226;Skipstorm;Varejo;RN;Pasiripis;02/09/2008;Inativo;;
608;806-97-6034;Mybuzz;Serviços;MT;Huangyang;13/09/2023;Inativo;;
749;408-19-1489;Eidel;Industria;MT;Tempeh Tengah;12/11/2007;Ativo;;
411;150-13-0106;Topicblab;Industria;AM;Reitoca;17/10/2018;Ativo;;
996;243-66-9667;Jetwire;Serviços;MA;Jerez;12/04/2009;Ativo;;
417;883-13-3044;Gevee;Serviços;RJ;Jelsa;14/03/2025;Inativo;;
862;512-37-5442;Topdrive;Industria;MS;Kampungraja;12/12/2013;Ativo;;
203;550-18-2512;Nlounge;Varejo;TO;Al Qanāyāt;25/10/2015;Ativo;;
560;342-52-1631;Dablist;Varejo;TO;Khorosheve;08/07/2020;Ativo;;
205;309-81-4514;Feedspan;Industria;PA;Aracaju;24/09/2014;Inativo;;
598;365-21-2863;Innotype;Serviços;MG;Hesi;13/05/2007;Ativo;;
487;511-14-5410;Youfeed;Varejo;RS;Bigaan;14/08/2016;Ativo;;
896;834-51-2532;Gabspot;Varejo;MT;Beijiang;16/08/2014;Ativo;;
464;393-72-9254;Dynabox;Varejo;PA;Bicaj;08/12/2016;Inativo;;
277;160-61-2585;Babbleset;Varejo;RJ;Aga;08/02/2008;Ativo;;
464;674-47-5825;Brainsphere;Serviços;SC;Chełmża;28/12/2020;Inativo;;
218;775-11-7576;Meemm;Industria;PA;Áno Merá;27/11/2008;Inativo;;
467;300-69-1146;Dabfeed;Industria;TO;Hà Tĩnh;06/02/2020;Inativo;;
73;394-85-4691;Kamba;Serviços;RJ;El Hamma;07/04/2022;Inativo;;
352;477-09-1128;Flashdog;Varejo;SE;Nangka;27/11/2020;Inativo;;
542;626-77-7639;Dabvine;Varejo;RR;Mueang Suang;07/08/2007;Inativo;;
1;661-54-5217;Katz;Serviços;RJ;Mtambile;25/03/2010;Ativo;;
829;250-52-3909;Trudoo;Serviços;RS;Trnava;15/04/2015;Ativo;;
726;695-32-5666;Muxo;Varejo;MA;Aix-en-Provence;05/07/2021;Ativo;;
179;263-70-0403;Thoughtstorm;Industria;SE;Pesagen;26/12/2016;Inativo;;
592;359-91-1141;Realblab;Serviços;MS;Gueset;26/08/2008;Inativo;;
367;556-92-3039;Kwinu;Varejo;SC;Poděbrady;26/01/2013;Inativo;;
42;425-76-9631;Dynazzy;Industria;AM;Phước An;31/05/2010;Inativo;;
350;789-85-7448;Reallinks;Industria;MG;Mengmeng;07/09/2014;Inativo;;
680;846-77-6106;Fivechat;Industria;SP;Cipanas;15/11/2020;Ativo;;
753;205-21-5045;Photojam;Serviços;RR;Xilian;14/12/2021;Inativo;;
849;165-72-5241;Yadel;Serviços;MT;Yaguarón;03/09/2017;Inativo;;
745;510-09-4090;Yata;Industria;TO;Krasnyy Yar;21/03/2020;Inativo;;
344;605-97-6701;Brainverse;Varejo;AM;Mosjøen;22/10/2021;Ativo;;
800;184-97-4141;Skyndu;Varejo;AM;Springfield;11/10/2024;Ativo;;
667;525-02-2503;Camimbo;Varejo;RJ;Zhongguan;14/11/2022;Ativo;;
434;532-26-6140;Pixonyx;Industria;AM;Tembilahan;28/02/2016;Inativo;;
917;801-47-9677;Kwilith;Varejo;GO;Calancuasan Norte;31/07/2017;Inativo;;
419;732-40-3754;Vinte;Serviços;MA;Dashiren;28/06/2018;Ativo;;
355;856-45-7216;Snaptags;Industria;PA;Strašice;24/05/2020;Ativo;;
161;328-41-4360;Flashpoint;Industria;MS;Santa Lucía;22/04/2010;Ativo;;
868;317-71-3406;Blogtag;Serviços;SE;Macheke;23/12/2023;Ativo;;
686;606-26-4980;Dabtype;Industria;RJ;Maoping;17/10/2016;Inativo;;
527;302-54-5784;Meejo;Industria;MA;Itigi;03/01/2023;Ativo;;
134;457-74-8296;Kwinu;Serviços;SP;Dahao;28/04/2012;Inativo;;
198;238-51-7014;Bluezoom;Varejo;MG;Lenghu;23/06/2018;Inativo;;
594;816-07-3246;Reallinks;Varejo;MT;Hebu;09/09/2013;Ativo;;
649;697-12-5008;Youbridge;Varejo;MS;Guaranda;21/10/2024;Inativo;;
286;614-70-3058;Devify;Industria;AM;Whitegate;21/01/2017;Inativo;;
686;667-68-9637;Wordtune;Industria;RJ;Gembu;24/12/2018;Inativo;;
801;483-64-7844;Browsedrive;Industria;MG;Buritizeiro;09/07/2017;Inativo;;
25;301-30-5459;Meevee;Varejo;RN;Avesta;06/08/2009;Inativo;;
382;159-80-1068;Voonyx;Industria;RR;Amsterdam Noord west;03/08/2018;Inativo;;
958;886-69-6642;Gabvine;Industria;RR;Conde;04/05/2023;Ativo;;
647;843-14-7207;Flipopia;Varejo;PA;Sanban;24/04/2009;Inativo;;
588;698-44-4219;Photobean;Serviços;SP;Ölgiy;29/08/2012;Inativo;;
686;776-60-6090;Eimbee;Varejo;TO;Xianshui;26/11/2021;Ativo;;
204;569-96-0600;Rhyzio;Serviços;SE;Forquilhinha;26/11/2023;Ativo;;
807;527-16-2658;Fivechat;Industria;PR;Gurgurnica;15/11/2023;Inativo;;
799;509-92-9946;Jetwire;Industria;RN;Jisegumen;12/02/2018;Inativo;;
674;628-73-9940;Zoomdog;Serviços;MT;Bachok;21/05/2023;Inativo;;
41;653-99-3518;Tekfly;Serviços;PA;Upton;08/08/2018;Ativo;;
758;582-22-2335;Yodo;Varejo;SE;San Pedro;07/12/2015;Inativo;;
665;711-20-9564;Twimm;Industria;SE;Rote;20/12/2010;Inativo;;
882;452-37-3269;Kimia;Varejo;RJ;Qili;15/08/2009;Ativo;;
517;696-25-5124;Jazzy;Serviços;MG;Xinji;14/04/2008;Inativo;;
989;405-06-8973;Edgepulse;Serviços;PA;Pivka;11/03/2022;Ativo;;
317;357-62-8359;Flashdog;Industria;SC;Nueva Vida Sur;07/01/2015;Inativo;;
795;602-91-2196;Realbridge;Serviços;RS;Bảo Lộc;24/09/2021;Inativo;;
752;149-34-0188;Twitterlist;Industria;SP;Zambujeira;17/07/2015;Ativo;;
736;441-37-8623;Topicware;Serviços;RJ;Chemal;08/02/2020;Ativo;;
749;159-93-4673;Yata;Varejo;RR;Mandaguari;15/06/2014;Ativo;;
610;208-58-8431;Cogilith;Serviços;TO;Mojorembun;09/11/2011;Ativo;;
45;835-07-0216;Zoozzy;Varejo;RN;Jawl al Majma‘;20/07/2023;Ativo;;
681;131-01-0763;Eabox;Industria;RN;Cevicos;30/10/2022;Inativo;;
812;153-57-7160;Devbug;Industria;RN;Kulykiv;01/07/2010;Inativo;;
519;881-71-6802;Trupe;Varejo;MA;Quvasoy;24/05/2008;Ativo;;
662;569-54-8641;Skibox;Serviços;GO;Xinjiezi;14/03/2016;Ativo;;
403;261-98-6145;Voomm;Industria;RN;Mount Pearl;24/07/2020;Inativo;;
272;527-63-1400;Demimbu;Industria;RJ;Pasauran;23/10/2013;Inativo;;
812;299-94-0106;Youspan;Industria;TO;Qandala;29/07/2008;Inativo;;
461;332-29-8890;Kimia;Varejo;MG;Klagen;25/02/2014;Ativo;;
158;564-23-1132;Dablist;Industria;AM;Lukou;14/03/2008;Ativo;;
276;247-53-0287;Skaboo;Industria;GO;Dřevohostice;03/02/2025;Inativo;;
771;300-18-4431;Jayo;Varejo;SC;Huishangang;02/12/2014;Inativo;;
542;683-72-7273;Topicstorm;Serviços;RS;Jindong;17/12/2008;Ativo;;
313;287-41-0821;Gigabox;Serviços;SE;Bandungan Timur;15/05/2018;Ativo;;
230;695-90-1251;Skiba;Serviços;SE;Angono;09/02/2010;Inativo;;
888;143-93-3555;Rhybox;Varejo;RJ;Le Raincy;14/06/2013;Inativo;;
531;796-93-2434;Youspan;Varejo;GO;Kudus;13/12/2021;Inativo;;
893;561-13-5409;Photobug;Industria;MA;Stockholm;14/03/2015;Ativo;;
731;470-19-1473;Fadeo;Industria;SC;Tromsø;03/04/2022;Ativo;;
549;752-44-6150;Wordify;Varejo;GO;San Lucas Sacatepéquez;16/12/2010;Inativo;;
193;807-73-4344;Quinu;Serviços;SP;Camabatela;22/05/2018;Ativo;;
588;671-86-8091;Katz;Industria;RN;Omišalj;08/11/2009;Ativo;;
666;528-48-1815;Fivechat;Industria;RS;Yinxi;01/07/2024;Inativo;;
766;469-07-8261;Eadel;Varejo;GO;Léo;09/09/2007;Ativo;;
815;151-45-7160;Twimm;Serviços;MG;Kusheriki;29/10/2023;Ativo;;
278;247-48-8822;Oozz;Industria;TO;Las Toscas;21/11/2009;Inativo;;
320;665-78-2895;Tazzy;Varejo;AM;Carlton;01/04/2009;Inativo;;
353;199-77-2774;Divanoodle;Industria;RR;Sŏnbong;20/12/2009;Ativo;;
851;767-76-7865;Thoughtbridge;Industria;RS;Krajan Sumberanget;07/06/2020;Ativo;;
941;792-60-1476;Meejo;Varejo;SE;Huayacundo Arma;31/03/2010;Ativo;;
32;731-90-4493;Flashpoint;Varejo;RJ;Kuala Lumpur;16/12/2022;Inativo;;
760;835-48-5664;Aivee;Industria;PA;Manaloal;23/09/2016;Ativo;;
267;329-67-6918;Brainverse;Industria;GO;Sigu;04/05/2007;Inativo;;
820;127-29-2293;Zooveo;Serviços;SP;Hadabei;11/06/2007;Ativo;;
709;193-51-7928;Bubbletube;Industria;MA;Hudai;28/02/2008;Ativo;;
540;442-86-0893;Flashpoint;Varejo;AM;Agana Heights Village;02/07/2020;Inativo;;
658;504-53-7608;Meembee;Industria;MT;Kubangsari;03/08/2012;Inativo;;
337;706-46-2468;Kwinu;Varejo;SP;Nubl;09/12/2018;Ativo;;
961;731-16-4459;Thoughtmix;Serviços;MS;Zākhū;15/07/2011;Ativo;;
737;136-54-5304;Voolia;Varejo;MA;Dongjiao;18/06/2016;Ativo;;
41;505-64-9980;Kwinu;Varejo;MS;Safakulevo;25/08/2016;Ativo;;
707;865-78-2551;Yakijo;Industria;PA;Kandangsapi;15/03/2012;Inativo;;
248;109-72-5693;Wikizz;Serviços;MS;Aiánteio;22/09/2022;Ativo;;
913;460-45-9089;Meemm;Varejo;MG;Lianghu;05/10/2020;Ativo;;
131;675-53-9380;Wikibox;Serviços;PR;Lingbeizhou;19/07/2020;Ativo;;
261;476-87-0826;Edgeclub;Industria;TO;Aix-en-Provence;15/08/2021;Ativo;;
794;129-56-9665;Eamia;Industria;PR;El Viejo;02/09/2024;Inativo;;
382;259-74-2992;Rhyzio;Varejo;RN;Anabar;04/03/2022;Ativo;;
996;786-70-6137;Photojam;Varejo;TO;Gangmei;09/05/2015;Ativo;;
119;710-28-2391;Ntags;Varejo;PA;Granja;28/01/2018;Ativo;;
393;146-34-5835;Dabvine;Serviços;RJ;Petaling Jaya;27/12/2024;Inativo;;
226;191-28-4811;Abata;Serviços;MS;Mekarsari;22/09/2012;Inativo;;
498;718-52-6077;Rhybox;Serviços;RS;Yotsukaidō;29/01/2009;Ativo;;
557;289-40-1541;Jetwire;Varejo;MT;Jicun;29/03/2011;Ativo;;
43;238-46-9925;Skibox;Industria;GO;Manado;29/09/2025;Ativo;;
443;537-26-9609;Yodoo;Industria;MG;Lawdar;07/09/2016;Ativo;;
535;320-83-6563;Kazu;Industria;SE;Mibu;13/12/2018;Inativo;;
541;122-62-8403;Browseblab;Varejo;SE;Vista Hermosa;12/05/2025;Inativo;;
134;455-47-7994;InnoZ;Varejo;MS;Dvorichna;12/12/2017;Ativo;;
213;507-23-5666;Chatterbridge;Serviços;RN;Zarzis;12/11/2019;Ativo;;
493;399-90-5090;Oyoyo;Serviços;MA;Xuchang;06/08/2010;Ativo;;
553;260-37-3522;Trudeo;Serviços;MG;Esperanza;16/09/2025;Inativo;;
443;689-85-6969;Eamia;Industria;MS;Daliuhao;27/07/2009;Ativo;;
461;597-29-7654;Dabfeed;Varejo;AM;Huaminglou;21/09/2013;Ativo;;
1;215-18-2531;Lazzy;Serviços;SC;Betim;28/12/2015;Ativo;;
556;751-09-8180;Kamba;Varejo;MT;Songwon;06/07/2022;Inativo;;
997;360-05-9199;Yakijo;Varejo;SC;San Jorge;05/01/2013;Ativo;;
18;246-54-2267;Twitternation;Serviços;RR;Nanwai;20/08/2019;Ativo;;
60;374-04-9876;Viva;Industria;SE;Yuanjiazhuang;01/12/2024;Ativo;;
258;277-41-5767;Rhynoodle;Serviços;RN;Hongdun;07/04/2024;Inativo;;
585;726-89-8217;Wikibox;Varejo;RS;Ntonggu;19/02/2015;Ativo;;
889;458-06-7417;Flipbug;Serviços;MG;Petare;26/07/2019;Inativo;;
745;129-67-8364;Jabbertype;Varejo;TO;Santo Domingo Oeste;18/12/2019;Ativo;;
398;320-90-7698;Skiptube;Serviços;AM;Aylmer;17/07/2007;Ativo;;
699;616-52-6859;Topicshots;Industria;GO;Bento Gonçalves;13/10/2020;Inativo;;
344;143-57-2559;Rhyloo;Varejo;PA;Stare Pole;20/04/2011;Inativo;;
325;246-39-7732;Leexo;Industria;SE;Gamay;12/05/2021;Ativo;;
181;273-23-9746;Podcat;Varejo;GO;Gan Yavne;23/02/2015;Inativo;;
329;376-53-0166;Meezzy;Varejo;RN;Jucás;13/07/2014;Inativo;;
508;800-76-6294;Rhynyx;Serviços;PR;Forshaga;05/12/2016;Ativo;;
694;763-63-5176;Tazzy;Varejo;AM;Huangnihe;01/12/2023;Inativo;;
313;849-28-2168;Oodoo;Industria;MA;Nevel’;06/11/2024;Inativo;;
345;236-41-6422;Skippad;Industria;RS;Rappang;20/03/2025;Inativo;;
660;722-21-1698;Thoughtbeat;Varejo;PR;Kebunkelapa;13/05/2024;Ativo;;
230;788-41-8604;Vidoo;Serviços;AM;Saint-Louis;10/01/2010;Ativo;;
658;435-22-3436;Ailane;Varejo;SC;Byala Slatina;21/12/2010;Ativo;;
463;142-07-5602;Thoughtstorm;Serviços;SP;Kristiansund N;11/03/2008;Inativo;;
720;181-92-1806;Zooveo;Serviços;SC;Zhong’an;23/08/2015;Inativo;;
920;668-37-4226;Avavee;Varejo;RJ;Gemo;04/05/2013;Inativo;;
295;335-18-7336;Agivu;Industria;PR;Victoria West;15/07/2009;Ativo;;
940;884-72-8147;Flashspan;Industria;GO;Gahe;28/11/2015;Inativo;;
160;541-99-7364;Mudo;Varejo;TO;Aguisan;16/07/2008;Inativo;;
551;200-82-9386;Thoughtworks;Industria;PA;Oumé;29/11/2012;Ativo;;
5;574-51-6254;Katz;Industria;TO;Sovetskiy;10/08/2013;Inativo;;
576;161-76-4124;Kwinu;Industria;RS;Tunjuk Selatan;30/07/2012;Ativo;;
328;111-98-4179;Mybuzz;Industria;RJ;Tibro;08/12/2022;Inativo;;
198;345-88-0215;Jaxspan;Serviços;PA;Danghara;22/11/2015;Ativo;;
651;519-70-0481;Yodoo;Serviços;PR;Santa Bárbara;27/05/2009;Inativo;;
436;405-87-6105;Flashpoint;Serviços;MT;Zamostochcha;12/12/2013;Inativo;;
41;429-94-7561;Podcat;Varejo;MG;Bridgetown;13/03/2017;Ativo;;
284;726-05-2119;Voolia;Serviços;GO;Pontes e Lacerda;28/10/2017;Ativo;;
784;249-73-4769;Twitterlist;Serviços;SC;Linshanhe;17/06/2024;Inativo;;
845;122-58-9649;Voonix;Varejo;GO;Nové Sedlo;07/01/2022;Ativo;;
963;334-34-0512;Twitternation;Varejo;MA;Ljubuški;05/09/2012;Inativo;;
750;818-37-4658;Photofeed;Serviços;PA;Sigayevo;23/09/2020;Ativo;;
552;236-82-6164;Riffpedia;Varejo;RR;Krajan;26/09/2019;Inativo;;
78;290-24-0369;Tambee;Varejo;RJ;Hanjiaji;23/07/2018;Ativo;;
749;347-52-7690;Plajo;Serviços;SE;Sufālat Samā’il;05/12/2010;Ativo;;
384;655-67-5552;Janyx;Industria;MT;Tiexi;15/05/2014;Inativo;;
641;327-29-6099;Demizz;Varejo;MT;Celica;25/05/2009;Inativo;;
697;148-76-4375;Wikizz;Varejo;SC;Curití;08/01/2021;Inativo;;
965;798-11-2219;Yakijo;Varejo;RR;Rybarzowice;24/12/2017;Inativo;;
745;437-28-9946;Quaxo;Varejo;PA;Eling;24/11/2010;Ativo;;
576;311-18-3984;Avamba;Industria;MA;Pueblo Nuevo;02/04/2025;Inativo;;
336;578-64-2000;Ntag;Industria;MS;Žirovnice;11/10/2020;Ativo;;
838;418-82-8736;Zoomdog;Serviços;MT;Caledon;20/11/2011;Ativo;;
345;375-54-2270;Meezzy;Serviços;SC;Thị Trấn Ngọc Lặc;10/06/2025;Ativo;;
37;606-57-3964;Aibox;Industria;SE;Pontalina;15/05/2025;Inativo;;
6;815-24-4505;Minyx;Varejo;MG;Šilheřovice;11/07/2011;Inativo;;
522;795-46-0497;Zooxo;Serviços;SE;Daniëlskuil;01/10/2013;Inativo;;
223;633-96-4622;Tambee;Serviços;MA;Zea;27/01/2013;Ativo;;
30;208-12-6653;Layo;Serviços;MT;Guamo;22/01/2009;Inativo;;
389;775-38-4554;Rhybox;Varejo;GO;München;30/09/2017;Inativo;;
89;463-56-1023;Twitternation;Serviços;MS;Deder;27/09/2013;Inativo;;
527;354-46-3667;Gabtype;Serviços;PA;Donghui;13/01/2013;Ativo;;
844;770-31-5830;Cogibox;Varejo;MS;Anastácio;26/01/2023;Ativo;;
15;246-48-5478;Rhynyx;Industria;PA;Huntington;05/09/2023;Inativo;;
382;721-82-9879;Jamia;Varejo;SP;Sangke;26/01/2010;Inativo;;
289;546-83-7670;Topiczoom;Industria;PR;Sheffield;28/05/2012;Ativo;;
825;834-13-1931;Feedmix;Serviços;RJ;Fare;06/07/2015;Ativo;;
569;891-20-7366;Eabox;Serviços;MT;Sang-e Māshah;10/12/2021;Ativo;;
109;614-55-7438;Vipe;Industria;RR;Yingdianjie;05/01/2024;Ativo;;
419;337-89-4103;Edgeify;Varejo;MT;Cincinnati;10/09/2016;Inativo;;
581;568-01-7139;Zoonder;Varejo;MS;Maintirano;04/12/2020;Ativo;;
212;354-37-1714;Quimba;Industria;SP;Rancanyenang;10/11/2012;Ativo;;
388;654-69-5400;Skidoo;Serviços;PR;Aubergenville;29/01/2012;Inativo;;
303;623-48-6871;BlogXS;Serviços;RS;Liliba;10/12/2015;Inativo;;
41;594-51-0113;Livetube;Serviços;RS;Kariya;23/10/2022;Inativo;;
148;587-08-3804;Buzzdog;Varejo;AM;Priyutovo;02/11/2019;Inativo;;
965;682-66-9093;Demizz;Serviços;MG;Aparecida do Taboado;19/07/2009;Ativo;;
229;799-91-5188;Twimbo;Industria;RS;Hane;10/12/2015;Ativo;;
310;218-04-1293;Roomm;Serviços;GO;Cluses;30/08/2024;Ativo;;
518;199-65-4218;Gigashots;Serviços;SE;Sembungin;05/12/2015;Ativo;;
920;489-47-0733;Realpoint;Varejo;RS;Nyagan;14/02/2007;Ativo;;
741;386-77-3468;Eadel;Serviços;RN;Skänninge;10/10/2024;Inativo;;
38;762-77-4138;Dazzlesphere;Varejo;MG;Astypálaia;09/04/2024;Ativo;;
985;168-77-3852;Twimm;Industria;SE;Maţāy;11/03/2016;Ativo;;
191;282-44-6341;Zoombox;Industria;RN;Ccuntuma;25/07/2014;Ativo;;
548;754-55-8535;Tagchat;Serviços;GO;Belūsovka;10/03/2013;Ativo;;
630;492-91-5203;Linkbridge;Industria;SC;Lille;05/05/2012;Inativo;;
869;845-45-0658;Zoomdog;Industria;GO;Golacir;26/11/2021;Inativo;;
577;576-69-3212;Demivee;Industria;RS;Áno Kopanákion;28/10/2022;Ativo;;
793;875-44-3620;Fadeo;Varejo;RR;Bartošovice;10/01/2014;Ativo;;
31;744-10-5129;Photobug;Industria;SC;Karangsari;24/02/2024;Inativo;;
570;533-37-7813;Eare;Industria;SC;Cangkeuteuk Sabrang;27/07/2025;Ativo;;
968;757-49-7725;Skyba;Varejo;SE;Padangguci;04/10/2019;Inativo;;
619;322-79-7896;Devpulse;Varejo;SE;Eláteia;20/01/2009;Ativo;;
400;634-92-6496;Lajo;Serviços;RR;Gaoqiao;25/07/2012;Inativo;;
106;714-16-1860;Meevee;Varejo;RN;Chuantang;27/02/2011;Inativo;;
843;190-33-5607;Devpulse;Industria;MA;Saint-Chamond;18/07/2012;Ativo;;
196;872-02-0587;Twitterbeat;Varejo;MS;Boston;30/07/2013;Ativo;;
23;567-71-7033;Babblestorm;Industria;PR;Barra Mansa;22/11/2023;Inativo;;
282;469-72-9892;Twitterbeat;Serviços;TO;Fajã de Cima;30/05/2019;Ativo;;
178;455-78-9670;Bubblebox;Industria;SC;Na Tan;29/03/2020;Inativo;;
282;332-34-8942;Quatz;Industria;PR;Tyrnyauz;08/02/2008;Ativo;;
928;356-47-7640;Browsezoom;Varejo;MS;Valle de La Pascua;18/10/2011;Ativo;;
559;444-18-3450;Ntags;Industria;RS;Kuhmo;08/05/2014;Ativo;;
3;174-97-6417;Feedbug;Serviços;PA;Taodian;08/06/2011;Inativo;;
915;403-51-3460;Babbleopia;Varejo;TO;Stráž;25/06/2012;Ativo;;
351;751-02-2404;Roodel;Industria;MT;Barra de São Francisco;02/12/2024;Inativo;;
396;406-68-2095;Twitterlist;Varejo;SP;Milwaukee;10/03/2025;Ativo;;
389;159-24-1420;Dazzlesphere;Varejo;SC;Mafang;19/06/2007;Inativo;;
246;362-37-0103;Skiptube;Industria;MG;Parkent;04/09/2007;Ativo;;
829;785-81-3997;Zoomdog;Industria;PA;Santa Rita do Sapucaí;12/02/2017;Inativo;;
112;139-66-6422;Mita;Industria;RJ;Angeghakot’;27/03/2025;Inativo;;
950;153-05-4937;Skaboo;Serviços;MG;Yajiang;15/12/2017;Inativo;;
686;627-18-9114;Skivee;Varejo;PR;Gualeguay;03/01/2021;Ativo;;
866;714-11-9044;Twitterbeat;Varejo;AM;Huanoquite;10/08/2023;Inativo;;
600;505-11-8840;Photofeed;Industria;RJ;Rennes;18/05/2014;Inativo;;
633;471-62-3216;Gevee;Industria;SP;San Clemente;11/05/2023;Inativo;;
439;389-06-5819;Skipstorm;Serviços;PR;Sumberan;07/05/2007;Ativo;;
893;484-21-7540;Shufflebeat;Varejo;MT;La Unión;01/05/2014;Ativo;;
309;831-50-3130;Yoveo;Serviços;AM;Woja;21/12/2024;Ativo;;
570;194-54-5767;Topiczoom;Serviços;PA;Shiqiao;31/01/2024;Inativo;;
57;141-92-7906;Skimia;Serviços;SP;Nasavrky;20/05/2018;Ativo;;
892;764-10-9145;Feednation;Industria;MS;Fangjun;11/07/2008;Inativo;;
558;360-38-8312;Ainyx;Industria;SE;Thomastown;27/11/2013;Ativo;;
221;747-74-7182;Snaptags;Varejo;RN;Bāglung;22/12/2008;Ativo;;
971;181-48-4449;Mudo;Varejo;MS;Kresek;11/07/2007;Inativo;;
44;459-02-5520;Oloo;Varejo;SP;Ribeira Grande;18/01/2022;Ativo;;
965;893-61-0488;Fivebridge;Varejo;PA;Yintang;10/07/2008;Ativo;;
366;551-92-0845;Wikivu;Serviços;MS;Fianarantsoa;01/05/2008;Inativo;;
390;711-31-5838;Yabox;Varejo;SE;Vin’kivtsi;31/12/2017;Ativo;;
673;668-73-0127;Mudo;Serviços;RS;Yingta;20/04/2018;Ativo;;
93;672-63-7555;Skalith;Serviços;RR;Changshan;29/07/2019;Inativo;;
104;473-83-8959;Skyvu;Serviços;RS;Kutamangu;13/08/2024;Ativo;;
678;775-08-1507;Blogspan;Industria;MA;Cheb;20/11/2024;Ativo;;
698;652-29-8953;Divape;Varejo;SE;Pereira;06/11/2021;Inativo;;
290;331-22-7417;Digitube;Varejo;SE;Srubec;22/08/2015;Inativo;;
596;831-52-9142;Lajo;Industria;AM;Szydłowo;05/09/2018;Ativo;;
205;685-85-7666;Brightdog;Varejo;GO;Kungsbacka;31/12/2020;Inativo;;
446;634-39-9519;Divavu;Industria;RS;Samobor;15/12/2009;Ativo;;
44;388-15-6677;Yambee;Industria;SE;Brooklyn;30/07/2017;Inativo;;
149;580-40-1933;Yakijo;Industria;TO;Krechevitsy;03/09/2007;Inativo;;
512;871-86-5231;InnoZ;Serviços;MA;Pelaya;18/04/2009;Ativo;;
190;576-66-5257;Photofeed;Serviços;RJ;Dahuaishu;19/08/2018;Ativo;;
161;151-63-1224;Flipbug;Varejo;PR;Xianyi;05/11/2010;Ativo;;
942;254-20-1050;Voonder;Serviços;RJ;Gensi;08/05/2022;Ativo;;
864;450-10-7507;Flipopia;Serviços;MT;San Alejandro;16/09/2024;Ativo;;
582;714-89-8486;Dabtype;Serviços;RS;Wuguishan;16/10/2021;Ativo;;
864;657-35-3667;Topdrive;Serviços;SE;Darong;27/01/2010;Ativo;;
620;464-63-8405;Wikido;Varejo;SE;Vynohradiv;22/10/2013;Inativo;;
465;102-84-3682;Yozio;Industria;RN;Nihommatsu;16/04/2017;Inativo;;
441;344-67-9857;Linktype;Industria;AM;Armenia;07/12/2008;Inativo;;
329;557-58-9224;Mynte;Serviços;GO;Lethem;06/04/2021;Inativo;;
119;516-34-2080;Topicblab;Varejo;RJ;Nangka;29/05/2023;Inativo;;
618;755-12-7788;Mita;Serviços;MS;Saint-Bruno;08/07/2017;Ativo;;
420;637-16-2390;Voonte;Serviços;SE;Jaguaribe;12/10/2024;Ativo;;
556;471-75-6755;Voonder;Industria;SP;Diriomo;25/01/2014;Ativo;;
194;349-36-6538;Quaxo;Industria;MA;Nelson;25/11/2014;Inativo;;
111;752-82-0607;Vinder;Serviços;MT;Perico;25/04/2012;Inativo;;
653;422-96-1717;Centizu;Varejo;RJ;Vårby;04/03/2013;Ativo;;
819;452-11-5785;Browsebug;Serviços;RJ;Eirado;30/11/2022;Ativo;;
18;546-53-3624;Oyoyo;Varejo;RS;Xinshi;19/01/2013;Inativo;;
970;592-64-0207;Twitterlist;Varejo;PA;Sterling;05/07/2023;Ativo;;
22;536-07-5041;Miboo;Varejo;MT;Bhiria;11/08/2014;Inativo;;
706;582-17-8359;Youspan;Serviços;MT;Morohongō;18/04/2017;Inativo;;
539;558-88-6571;Twimbo;Varejo;RR;Foros do Trapo;28/04/2023;Inativo;;
544;117-88-0292;Tagchat;Varejo;SP;Shuangqiao;14/03/2014;Inativo;;
937;645-42-8643;Izio;Varejo;RR;Siaya;24/01/2018;Ativo;;
301;470-04-4633;Rhyloo;Industria;SE;Tefé;25/09/2015;Ativo;;
791;561-46-6641;Zoomcast;Varejo;RJ;Krajan Waturoyo;06/03/2020;Inativo;;
568;233-19-1949;Fivespan;Industria;GO;Lucma;03/06/2023;Inativo;;
980;664-70-7044;Fivechat;Industria;SP;Talisayan;07/09/2014;Ativo;;
541;837-43-3790;Topiczoom;Serviços;MT;Sam Phran;07/02/2015;Inativo;;
766;860-62-6908;Voomm;Varejo;GO;Buan;19/06/2012;Inativo;;
766;546-42-9224;Eamia;Varejo;MT;Taesal-li;18/10/2017;Ativo;;
102;641-52-3938;Browseblab;Varejo;PA;Jialu;15/09/2012;Ativo;;
844;763-30-2968;Jabbertype;Serviços;PR;Stockholm;25/04/2011;Inativo;;
390;537-74-4842;Yakijo;Serviços;SE;Dulag;26/02/2024;Inativo;;
175;450-90-4464;Kaymbo;Varejo;MT;Sudzha;25/05/2018;Ativo;;
546;805-84-4996;Livetube;Serviços;MT;Pyrzyce;26/02/2021;Inativo;;
159;471-33-7519;Agimba;Serviços;MA;Chapecó;17/12/2017;Inativo;;
936;599-07-7773;Blogtags;Varejo;MG;Göteborg;21/08/2024;Inativo;;
142;465-85-4089;Wikido;Industria;RR;Ilioúpoli;20/05/2016;Inativo;;
139;140-64-8355;Brightdog;Varejo;SC;White Rock;29/02/2020;Inativo;;
69;677-66-8275;Pixope;Industria;RS;Kabin Buri;16/07/2020;Ativo;;
770;544-25-1040;Gabcube;Serviços;SE;Göteborg;26/04/2008;Ativo;;
760;116-57-2438;Yodel;Varejo;RN;Baiyang;09/09/2023;Inativo;;
233;519-90-4993;Geba;Serviços;RN;Argithéa;10/05/2018;Ativo;;
4;620-64-5500;Leexo;Varejo;SP;Saint-Priest;15/08/2010;Ativo;;
187;636-05-2332;Rhycero;Varejo;GO;Jega;07/11/2020;Inativo;;
623;310-23-5281;Skinix;Varejo;PA;Stupari;11/03/2017;Ativo;;
168;180-70-2455;Buzzbean;Industria;RR;Obukhiv;06/07/2023;Ativo;;
2;644-91-8958;Yakidoo;Serviços;TO;Allada;20/08/2012;Ativo;;
57;838-06-8899;Digitube;Industria;MG;Ngã Bảy;10/10/2023;Ativo;;
630;232-53-5662;Twimm;Industria;AM;Waekolong;14/08/2022;Inativo;;
128;545-77-6158;Ozu;Serviços;MT;Arroio Grande;21/08/2023;Inativo;;
908;154-82-0374;Aivee;Industria;AM;Lobitos;13/11/2010;Ativo;;
572;402-58-3546;Babbleset;Serviços;RR;Altıağac;13/09/2020;Inativo;;
469;409-27-0810;Photojam;Serviços;RS;El Limon;06/11/2016;Ativo;;
886;325-17-7391;Vimbo;Varejo;SP;Rora Timur;25/05/2007;Inativo;;
826;633-63-7993;Thoughtstorm;Serviços;SC;Santa Maria da Feira;30/04/2024;Ativo;;
620;897-54-5340;Flipstorm;Serviços;PA;Oklahoma City;10/10/2019;Ativo;;
893;274-58-9553;Lazzy;Varejo;PR;Citambal;24/02/2025;Ativo;;
569;340-09-7189;Skinte;Industria;MG;Oliveira;29/03/2017;Ativo;;
960;326-30-6120;Miboo;Varejo;MG;Coxim;17/09/2009;Ativo;;
830;865-43-7036;Quimm;Varejo;MT;Kachar;19/11/2012;Ativo;;
252;802-20-8090;Kare;Varejo;MS;Pato Branco;13/11/2022;Inativo;;
919;633-17-7688;Muxo;Serviços;PA;Casilda;28/10/2021;Ativo;;
154;137-12-8774;Photojam;Varejo;PA;Ballsh;22/03/2019;Inativo;;
189;409-31-7643;Agimba;Industria;SC;Erátyra;27/01/2014;Ativo;;
957;410-40-2667;Oyonder;Industria;MS;Xichehe;13/02/2018;Inativo;;
763;439-94-6299;Ainyx;Industria;GO;Güiria;21/11/2018;Inativo;;
688;854-44-9332;Bluezoom;Serviços;MA;Polanica-Zdrój;31/12/2015;Ativo;;
835;243-27-8487;Skynoodle;Varejo;RN;Jingmao;23/08/2022;Ativo;;
145;562-27-8898;Oyope;Serviços;AM;Brańsk;18/11/2012;Inativo;;
776;165-39-2234;Youtags;Industria;GO;Amsterdam Oud Zuid en Rivierenbuurt;18/03/2008;Ativo;;
843;464-14-0645;Wikido;Varejo;RR;Araucária;05/04/2025;Ativo;;
855;468-29-8020;Thoughtstorm;Varejo;RN;Langtang;18/09/2025;Inativo;;
371;856-94-7509;Feedmix;Industria;SP;Rumāh;03/03/2019;Inativo;;
921;439-34-3888;Vidoo;Industria;GO;Watari;16/05/2022;Inativo;;
734;487-51-8460;Dazzlesphere;Industria;RJ;Clearwater;22/02/2019;Ativo;;
557;148-70-1623;Browsebug;Varejo;SP;Sydney;09/05/2019;Inativo;;
22;133-28-9596;Teklist;Industria;RR;Palocabildo;09/08/2008;Ativo;;
568;487-97-3684;Demivee;Industria;MA;Paris 13;21/04/2020;Inativo;;
286;166-79-1007;Rhybox;Varejo;RS;Hudai;11/07/2010;Ativo;;
262;204-15-5040;Muxo;Varejo;AM;Puerto Boyacá;18/11/2020;Inativo;;
500;384-05-6839;Edgepulse;Industria;RR;Jindřichov;01/08/2022;Inativo;;
492;689-27-8960;Tagopia;Industria;GO;Toba;03/05/2022;Ativo;;
515;117-23-7295;Flashspan;Industria;PA;Uluarang;02/01/2013;Inativo;;
973;739-64-2042;Trilia;Varejo;SE;Nangewer;17/04/2018;Inativo;;
10;454-22-8729;Jabbercube;Varejo;SP;Azteca;18/05/2012;Inativo;;
876;352-92-6429;Meedoo;Serviços;MS;Zambujeira;05/12/2014;Inativo;;
187;411-10-4749;Leenti;Serviços;MT;Yaguaraparo;05/01/2020;Inativo;;
78;640-40-1834;Eadel;Serviços;MA;El Ingenio;19/06/2020;Inativo;;
52;566-49-6043;Skimia;Varejo;TO;Timbuktu;23/06/2009;Ativo;;
850;858-51-0772;Tanoodle;Varejo;RR;Curahkalak Tengah;11/10/2022;Inativo;;
876;776-32-8316;Yacero;Varejo;RS;Gualeguay;16/11/2007;Inativo;;
967;580-38-5867;Dabjam;Serviços;RJ;Liutang;25/11/2024;Inativo;;
294;143-57-3007;Snaptags;Varejo;PA;San Agustín;25/09/2021;Inativo;;
563;373-79-0788;Twiyo;Varejo;SC;Leppävirta;01/10/2025;Inativo;;
736;341-29-5438;Skajo;Varejo;MT;Chum Phae;26/07/2008;Ativo;;
947;838-29-7140;Ainyx;Varejo;MT;Litibakul;13/07/2024;Ativo;;
477;581-48-6470;Youfeed;Serviços;MA;Lingshan;28/09/2012;Inativo;;
999;309-83-7698;Livepath;Varejo;RJ;Kovylkino;09/08/2025;Ativo;;
868;120-49-8795;Rooxo;Industria;PA;Helsingborg;01/08/2010;Ativo;;
354;283-32-5078;Katz;Industria;MS;Aquidauana;18/07/2022;Ativo;;
142;684-78-4678;Ainyx;Industria;PR;Châlons-en-Champagne;05/05/2022;Ativo;;
917;487-26-6710;Quimba;Industria;MA;Huntington;30/10/2023;Ativo;;
404;445-52-3511;Yabox;Varejo;GO;Al Marsá;05/04/2019;Ativo;;
966;710-68-1988;Skidoo;Industria;MG;Al Hilāliyya;31/03/2008;Ativo;;
946;748-85-1034;Gabtype;Serviços;MG;Qianshan;14/06/2020;Inativo;;
701;734-11-0379;Aibox;Varejo;PR;Żabbar;04/06/2018;Inativo;;
427;490-63-9540;Mydeo;Varejo;TO;Saint Louis;08/08/2022;Ativo;;
944;890-36-2187;Trunyx;Serviços;SP;Wangjiachang;29/03/2015;Ativo;;
164;453-69-6490;Meejo;Varejo;RJ;Kramat;30/10/2011;Inativo;;
308;404-40-4654;Jazzy;Serviços;TO;Dananshan;16/03/2011;Ativo;;
755;644-20-4047;Livetube;Serviços;MG;Esquipulas Palo Gordo;03/07/2009;Ativo;;
280;776-87-1426;Dazzlesphere;Industria;RN;Nossa Senhora da Glória;21/09/2008;Ativo;;
246;558-35-4429;Youopia;Varejo;PR;Lanxi;16/09/2011;Ativo;;
166;628-84-0119;Youtags;Varejo;SP;Skanör;09/10/2022;Ativo;;
269;733-80-5180;Voonder;Industria;TO;Riung;02/11/2021;Inativo;;
300;206-59-1581;Jetpulse;Industria;AM;Centenario;25/09/2008;Inativo;;
323;730-20-3902;Browsebug;Serviços;RR;Laweueng;05/03/2018;Ativo;;
69;834-90-6043;Jabbercube;Varejo;SE;Bang Krathum;12/10/2009;Ativo;;
569;847-96-1171;Shufflester;Varejo;PA;Taocun;29/09/2013;Ativo;;
447;253-38-7683;Oyondu;Industria;GO;Semīrom;16/01/2017;Inativo;;
193;361-74-2293;Yozio;Serviços;GO;Zásmuky;28/05/2016;Ativo;;
633;846-39-4524;Lazz;Varejo;AM;Sanyi;16/09/2025;Inativo;;
957;605-90-4095;Blogspan;Industria;RS;Samanggen;19/06/2017;Inativo;;
623;240-80-4785;Voomm;Serviços;TO;Balung;07/04/2017;Inativo;;
222;547-74-6901;Meevee;Serviços;SC;Banyutengah;31/08/2014;Inativo;;
167;496-87-9789;Babblestorm;Varejo;SC;Cateel;18/07/2021;Ativo;;
546;473-69-6387;Twitterbeat;Industria;MS;Macari;06/11/2020;Inativo;;
787;806-38-0430;Npath;Industria;SC;Gaofeng;07/02/2022;Ativo;;
186;868-93-0099;Bubblebox;Varejo;SP;Santa Ana Huista;28/01/2010;Ativo;;
543;285-47-8953;Vitz;Industria;MT;Curvelo;25/04/2014;Inativo;;
940;215-09-0693;Skipfire;Serviços;GO;Bettendorf;31/08/2010;Inativo;;
304;452-31-8079;Feedfish;Varejo;MA;Cernache do Bonjardim;01/08/2007;Inativo;;
434;669-37-7205;Gigaclub;Industria;PR;Loket;16/09/2019;Inativo;;
675;854-03-9560;Kimia;Serviços;RR;Miastko;17/06/2009;Ativo;;
748;536-71-8986;Twimm;Varejo;TO;Hengjie;03/04/2011;Ativo;;
387;158-05-2564;Topiclounge;Industria;PA;Sorocaba;17/02/2013;Ativo;;
204;481-57-0673;Youopia;Industria;MG;Sa’erhusong;16/09/2017;Ativo;;
50;373-77-4076;Twitterlist;Industria;PA;Xinli;17/12/2021;Ativo;;
236;721-59-5710;Blogtag;Varejo;MT;Shido;09/01/2023;Inativo;;
530;557-29-2813;Ooba;Serviços;MA;Chornobay;08/11/2010;Ativo;;
6;504-87-8399;Wikido;Industria;GO;Kokubunji;21/07/2023;Ativo;;
46;808-55-4647;Twimbo;Industria;AM;Lumbang;23/04/2016;Ativo;;
162;176-63-9756;Browsetype;Serviços;PA;Ta’erqi;04/07/2020;Inativo;;
304;745-64-9761;Skinix;Serviços;MG;Ntoum;06/06/2010;Inativo;;
738;742-37-4417;Meevee;Industria;RN;Konstancin-Jeziorna;14/02/2022;Inativo;;
525;114-79-9406;Viva;Serviços;MG;Margaharja;14/07/2021;Inativo;;
188;585-41-9190;Oyoba;Varejo;TO;Walenrang;25/05/2023;Inativo;;
25;788-39-5990;InnoZ;Serviços;PR;Kuantan;31/07/2021;Ativo;;
310;598-68-4238;Flashset;Industria;MA;Nyandoma;05/03/2025;Ativo;;
572;368-38-7836;Rhyzio;Serviços;RR;Rubiataba;06/06/2018;Inativo;;
997;681-22-5269;Wikibox;Industria;TO;Donostia-San Sebastian;08/08/2014;Ativo;;
861;855-75-6592;Demizz;Serviços;SE;Mingoyo;09/07/2023;Ativo;;
435;411-78-3084;Dazzlesphere;Varejo;RR;Shorapani;20/06/2007;Ativo;;
655;776-25-0909;Jetpulse;Serviços;MS;Cipinang;20/02/2020;Inativo;;
314;599-29-0427;Quire;Serviços;RJ;Biao;23/02/2020;Ativo;;
38;819-05-0334;Layo;Varejo;PR;Yuqi;23/05/2019;Inativo;;
970;464-68-5075;Eayo;Varejo;AM;Walichnowy;09/01/2021;Inativo;;
578;149-16-5115;Tagopia;Varejo;SP;Qiucun;08/11/2009;Ativo;;
893;805-30-1294;Teklist;Serviços;AM;Dayangqi;10/11/2019;Inativo;;
807;775-25-8882;Voolith;Varejo;AM;Hennenman;10/11/2021;Inativo;;
702;639-99-5194;Bubbletube;Serviços;RN;Chincha Baja;10/02/2017;Ativo;;
422;521-68-9473;Avamm;Serviços;RS;Kunjāh;12/03/2014;Inativo;;
626;481-72-0153;Buzzster;Industria;RS;Karpinsk;10/10/2018;Ativo;;
677;164-66-5850;Fanoodle;Varejo;MS;Toba;14/03/2021;Inativo;;
755;853-67-8711;Twiyo;Varejo;MG;Celeirós;30/06/2009;Inativo;;
815;563-59-9799;Meembee;Serviços;SP;Pasirpanjang;25/05/2018;Ativo;;
936;576-39-6596;Skyba;Industria;RS;Chepes;28/04/2022;Ativo;;
119;676-88-5710;Ozu;Serviços;MT;Dū Qal‘ah;15/04/2014;Inativo;;
340;516-50-0079;Blogtags;Varejo;PA;Watuagung;08/04/2017;Ativo;;
357;649-50-0953;Meemm;Varejo;PA;De la Paz;20/09/2010;Inativo;;
561;593-09-6466;Jaxbean;Industria;SE;Espargos;16/06/2024;Inativo;;
820;770-13-5683;Riffwire;Varejo;RR;Ilanskiy;07/05/2011;Inativo;;
136;217-67-5457;Feedbug;Serviços;MT;Tarusa;17/02/2017;Inativo;;
523;662-14-7219;Feedmix;Industria;SP;Vila Franca das Naves;21/11/2012;Inativo;;
149;478-04-5349;Geba;Varejo;TO;Dembeni;11/05/2010;Ativo;;
31;106-53-4024;Edgeify;Serviços;RR;Abejorral;13/07/2020;Inativo;;
638;698-92-4363;Blogtags;Varejo;AM;Znamenskoye;13/12/2009;Inativo;;
391;280-54-4620;Omba;Industria;SC;Amieirinha;17/05/2009;Ativo;;
400;104-94-9505;Linkbuzz;Industria;SE;Estreito Câmara de Lobos;21/10/2023;Ativo;;
965;205-11-7721;Lazz;Varejo;MG;Conchamarca;01/03/2017;Ativo;;
383;648-59-2674;Twinder;Varejo;AM;Erbil;19/10/2021;Inativo;;
487;555-97-2662;Oodoo;Varejo;RN;Saltsjöbaden;04/04/2011;Inativo;;
635;881-94-2470;Gabspot;Varejo;MG;Duekoué;03/03/2017;Inativo;;
63;387-85-0404;Jaxbean;Serviços;SC;Suzhou;09/01/2016;Inativo;;
539;137-41-1113;Minyx;Serviços;MS;Avon;15/09/2017;Ativo;;
803;298-78-2618;Wordify;Industria;MS;Gan Yavne;06/08/2009;Inativo;;
812;372-02-6935;Einti;Serviços;MG;Buenavista;05/07/2025;Ativo;;
53;674-30-7803;Trilith;Serviços;RR;Skien;30/04/2014;Ativo;;
244;892-98-5687;Mynte;Varejo;MT;Lumatil;12/09/2020;Inativo;;
352;253-11-4992;Eabox;Industria;SC;Corbeil-Essonnes;05/12/2023;Inativo;;
284;133-48-8299;Eazzy;Varejo;SP;Putun;16/12/2024;Inativo;;
798;315-75-0185;Wordtune;Industria;RN;Zhabagly;28/06/2017;Inativo;;
78;636-16-8626;Bluezoom;Serviços;AM;Nanterre;09/04/2024;Ativo;;
36;357-14-8262;Kwimbee;Industria;AM;Raposos;15/09/2023;Ativo;;
328;709-61-5187;Feedbug;Varejo;GO;Tarīm;12/05/2012;Ativo;;
634;411-56-5336;Photobug;Varejo;SC;Sabae;16/08/2020;Ativo;;
849;853-52-5526;Topiclounge;Varejo;SP;Siquisique;06/07/2007;Inativo;;
958;277-88-2527;Demivee;Industria;MS;Pyetrykaw;28/08/2021;Inativo;;
295;467-33-3214;Trilith;Varejo;RJ;Bílina Kyselka;24/02/2014;Ativo;;
712;312-34-7061;Latz;Varejo;TO;Selebi-Phikwe;23/05/2017;Ativo;;
661;213-51-8306;Trunyx;Serviços;MG;Azovo;15/09/2013;Inativo;;
64;191-80-5226;Topicshots;Industria;RJ;El Mirador;17/06/2020;Ativo;;
832;893-63-8788;Zoombox;Industria;MG;Cibolek Kidul;06/07/2016;Inativo;;
68;107-60-4093;Topiczoom;Varejo;SC;Balboa;20/04/2007;Inativo;;
908;619-64-7058;Eire;Varejo;PR;Jardoeira;21/01/2013;Inativo;;
900;815-31-5787;Jatri;Industria;SE;Loúros;18/12/2019;Inativo;;
903;644-33-7200;Muxo;Industria;SP;Magarao;09/07/2025;Inativo;;
63;793-94-2738;Tagchat;Serviços;TO;Tarvasjoki;11/05/2025;Inativo;;
533;228-30-6550;Tagcat;Varejo;SE;Listvyanka;27/04/2021;Inativo;;
267;882-34-2550;Kayveo;Serviços;MS;Lamont;19/03/2022;Inativo;;
435;763-78-0572;Skipstorm;Serviços;AM;Golovchino;23/12/2015;Inativo;;
29;361-88-8391;Skinte;Varejo;RS;Mỹ Thọ;14/12/2011;Ativo;;
292;563-56-2689;Pixoboo;Varejo;SE;Gokwe;27/10/2019;Inativo;;
121;250-27-8594;Photolist;Serviços;TO;Ostashkov;16/02/2009;Inativo;;
2;770-06-9277;Wordware;Varejo;SC;Chishtiān Mandi;06/02/2020;Ativo;;
842;452-83-9332;Trilia;Industria;MT;Pailitas;13/04/2012;Inativo;;
885;214-79-6355;Zazio;Varejo;SP;Perepravnaya;18/11/2014;Inativo;;
908;390-55-3332;Youopia;Industria;AM;Sabirabad;16/04/2023;Inativo;;
387;762-24-4475;Zoomzone;Varejo;PR;Konakridee;22/03/2020;Ativo;;
969;646-60-8711;Shuffletag;Serviços;PR;Saint-Étienne;03/07/2024;Ativo;;
201;620-21-1339;Npath;Serviços;RJ;Söderhamn;15/07/2015;Ativo;;
705;145-13-1832;Pixope;Varejo;AM;Šentvid pri Stični;13/04/2021;Inativo;;
113;416-67-2711;Kazu;Serviços;PR;Dongshangguan;29/09/2013;Ativo;;
545;655-93-0291;Demivee;Serviços;MG;Macapo;28/12/2021;Ativo;;
536;212-76-7168;Meevee;Industria;PR;Nguluhan;09/11/2013;Inativo;;
188;380-29-4235;Bluejam;Serviços;RS;General Viamonte;19/11/2024;Inativo;;
662;316-44-0147;Gevee;Serviços;RS;Bayeux;13/11/2016;Ativo;;
955;586-50-7113;Jaloo;Industria;AM;Taganskiy;14/01/2023;Ativo;;
900;212-69-2307;Meezzy;Varejo;SP;Sergach;26/05/2016;Inativo;;
897;571-23-3782;Innotype;Varejo;RR;Beixin;17/09/2020;Inativo;;
117;400-18-9383;Brainsphere;Industria;RS;Shishang;31/12/2013;Inativo;;
537;141-85-6929;Jayo;Serviços;RR;Jiaoxie;10/07/2020;Ativo;;
55;314-91-4257;Einti;Industria;RS;Solna;11/11/2024;Inativo;;
815;455-44-5601;Bubblebox;Industria;SP;Xialiao;25/03/2010;Inativo;;
223;544-68-6877;Realfire;Serviços;AM;Mairiporã;12/12/2019;Inativo;;
567;299-11-6745;Oyoba;Serviços;MG;Tai’an;10/06/2020;Inativo;;
76;303-59-0261;Tavu;Serviços;GO;Kilifi;23/08/2012;Inativo;;
543;812-51-0602;Topicware;Varejo;SP;Charlestown;28/09/2011;Inativo;;
470;718-50-0484;Reallinks;Varejo;TO;Khon Buri;17/08/2024;Inativo;;
475;775-10-5590;Zazio;Serviços;RS;Żyrardów;18/10/2012;Ativo;;
733;820-59-5609;Skippad;Industria;SP;Guinabsan;24/03/2018;Ativo;;
742;887-46-1374;Linkbridge;Serviços;RS;Altan Emel;20/08/2015;Ativo;;
289;105-40-9640;Viva;Serviços;SP;Zhuangtou;04/03/2024;Inativo;;
368;800-64-4250;Photojam;Industria;GO;Áyios Yeóryios;10/08/2009;Ativo;;
158;355-49-1232;Realmix;Industria;MG;Yayao;15/08/2018;Inativo;;
691;833-52-3325;Shuffletag;Serviços;RJ;Lewolang;08/10/2014;Ativo;;
718;172-66-4441;Vinte;Industria;GO;El Peñol;09/11/2011;Inativo;;
544;696-99-3325;Browsezoom;Serviços;TO;Non Suwan;21/08/2023;Inativo;;
92;878-43-0764;Quinu;Serviços;MS;Sajia;22/08/2011;Inativo;;
372;139-75-8375;Meeveo;Serviços;SP;Sanlian;15/08/2012;Inativo;;
192;644-10-2951;Bluezoom;Varejo;GO;Jīroft;01/04/2019;Inativo;;
400;152-75-4368;Tagchat;Varejo;TO;Almelo;27/07/2011;Inativo;;
786;184-19-9973;Kare;Varejo;RR;Palermo;14/03/2011;Inativo;;
115;736-85-8327;Babbleblab;Serviços;MT;Lees Summit;30/10/2007;Inativo;;
953;230-76-0506;Rhyloo;Varejo;MS;San Carlos;18/12/2019;Inativo;;
659;790-74-7359;Photobug;Serviços;RR;Del Pilar;11/08/2012;Ativo;;
630;840-25-7401;Eimbee;Serviços;SP;Pemzashen;15/03/2024;Inativo;;
972;377-12-9061;Centimia;Industria;MG;Mehrān;17/09/2008;Ativo;;
420;410-29-6997;Quatz;Serviços;RN;Puerto Nariño;05/02/2008;Ativo;;
392;509-62-5428;Twitterwire;Varejo;RJ;Divinópolis;29/07/2013;Ativo;;
817;230-57-1069;Blogtags;Industria;AM;Tongqing;30/05/2010;Ativo;;
520;617-46-0724;Dabjam;Serviços;RJ;Harbin;29/12/2019;Inativo;;
301;260-18-8387;Bubblemix;Industria;SC;Xianxi;14/03/2020;Ativo;;
445;416-69-6663;Dynabox;Serviços;RS;Āsmār;25/10/2018;Ativo;;
431;172-67-2669;Eare;Serviços;SP;Pereira Barreto;07/05/2022;Inativo;;
937;509-06-2136;Gabtype;Serviços;SP;Jales;22/11/2020;Ativo;;
43;590-35-6876;Pixonyx;Serviços;PR;Sukorejo;01/08/2009;Inativo;;
653;336-08-2799;Eire;Industria;TO;Kakanj;20/04/2019;Ativo;;
759;121-84-8120;Brainverse;Industria;RS;Smedjebacken;21/10/2020;Inativo;;
411;685-20-7415;Gabtype;Varejo;PA;Topeka;10/11/2018;Ativo;;
617;650-36-1673;Youfeed;Serviços;MS;Yihe;10/09/2007;Inativo;;
485;235-77-9922;Ntag;Varejo;RR;Mori;26/05/2017;Inativo;;
688;580-71-6087;Trunyx;Serviços;MS;Sabana Grande de Boyá;14/10/2023;Inativo;;
978;677-26-4556;Skinte;Industria;MG;Velagići;18/11/2010;Inativo;;
802;762-49-6752;Rooxo;Serviços;PA;Vacenovice;24/07/2023;Inativo;;
596;817-36-6818;Quamba;Varejo;MS;El Lolo;30/10/2013;Ativo;;
766;344-18-2841;Twiyo;Serviços;PA;St. Anton an der Jeßnitz;16/06/2020;Ativo;;
625;497-55-9459;Buzzshare;Serviços;TO;Banān;25/04/2012;Inativo;;
628;445-26-3455;Twimbo;Industria;MG;Lobanovo;01/06/2023;Inativo;;
690;701-26-3823;Tagopia;Serviços;RJ;Gubkinskiy;25/11/2015;Inativo;;
373;309-40-9839;Brainbox;Varejo;SE;Pontivy;30/11/2007;Inativo;;
569;877-38-0752;Photojam;Serviços;GO;Centre de Flacq;06/12/2019;Ativo;;
141;820-84-0724;Buzzdog;Industria;MT;Tangzha;27/02/2009;Ativo;;
399;361-54-2470;Realcube;Varejo;MT;Llocllapampa;19/01/2018;Inativo;;
367;576-60-7757;Dabtype;Varejo;AM;Mulyorejo;16/01/2013;Ativo;;
123;534-23-6467;Blognation;Serviços;SC;Stonewall;26/04/2020;Inativo;;
732;481-03-8170;LiveZ;Serviços;SE;Gouménissa;26/05/2008;Ativo;;
145;641-11-8649;Voomm;Serviços;SC;Bandhagen;20/01/2014;Ativo;;
413;714-31-1120;Eidel;Serviços;RS;Rosaspata;25/06/2021;Ativo;;
346;805-51-0790;Edgewire;Varejo;MG;Nedašov;13/10/2018;Inativo;;
908;544-40-4223;Kamba;Serviços;RS;Wujian;22/03/2018;Inativo;;
186;839-05-2084;Flashpoint;Serviços;MG;Sharjah;27/03/2018;Inativo;;
842;663-69-7246;Photobug;Serviços;SP;Turka;29/09/2025;Ativo;;
820;662-09-9258;Buzzster;Serviços;TO;Chirongui;09/10/2024;Inativo;;
810;717-77-6030;Eidel;Varejo;SP;Maliana;23/03/2009;Ativo;;
562;452-83-4144;Kazu;Industria;SE;Koten;06/02/2008;Inativo;;
857;365-11-2604;Quamba;Varejo;AM;Bilhó;06/10/2021;Ativo;;
748;818-33-7710;Jabbersphere;Varejo;AM;Zumiao;17/05/2010;Inativo;;
564;886-08-1800;Mudo;Varejo;PA;Sishiba;19/06/2010;Ativo;;
365;479-05-9124;Yozio;Varejo;RS;Huancabamba;10/07/2025;Inativo;;
991;895-21-2413;Skinte;Serviços;MT;Monte Branco;26/01/2007;Inativo;;
169;652-64-3146;Zoomcast;Serviços;RN;Volzhskiy;26/06/2021;Ativo;;
466;442-40-0181;Innotype;Industria;RR;Ust’-Dzheguta;05/05/2020;Ativo;;
437;829-96-3377;Realmix;Industria;SE;Lacabamba;12/12/2018;Ativo;;
881;362-91-3106;Skibox;Varejo;RJ;Vrané nad Vltavou;05/05/2020;Ativo;;
290;229-59-0036;Rooxo;Varejo;MG;Roanoke;25/03/2012;Inativo;;
749;126-09-4734;Divavu;Industria;SE;Jambeyan;27/11/2009;Ativo;;
101;662-16-8885;Skiptube;Serviços;RN;Yanfolila;27/01/2018;Inativo;;
348;505-39-7754;Midel;Varejo;MS;Lyon;13/01/2021;Ativo;;
418;711-65-7259;Voomm;Serviços;MS;Los Algarrobos;20/05/2024;Ativo;;
646;749-73-7828;Oodoo;Serviços;MT;La Soledad;21/07/2012;Ativo;;
937;573-81-7811;Reallinks;Varejo;PR;Sakai;27/04/2018;Inativo;;
772;713-75-3309;JumpXS;Industria;AM;Semang;17/08/2019;Inativo;;
512;689-82-9779;Omba;Serviços;AM;Watuweri;20/01/2021;Inativo;;
164;663-54-3007;Rhyzio;Varejo;SC;Höllviken;04/09/2015;Inativo;;
975;283-44-1100;Kwilith;Industria;RS;La Gi;21/12/2007;Inativo;;
992;149-85-7240;Mybuzz;Industria;SC;Lagasit;15/08/2010;Ativo;;
847;674-69-3893;Roodel;Industria;TO;Thung Song;28/04/2010;Inativo;;
546;143-03-3130;Wordtune;Varejo;MG;Noginsk-9;05/06/2021;Ativo;;
345;151-27-6050;Voomm;Varejo;RJ;Kivsharivka;23/06/2014;Ativo;;
835;304-38-5946;Devcast;Serviços;SP;Pyatigorsk;01/12/2015;Inativo;;
682;212-28-7769;Oba;Serviços;MA;Laç;18/10/2007;Ativo;;
133;704-87-6842;Reallinks;Varejo;MT;Áno Liósia;31/10/2020;Inativo;;
277;195-87-5504;Shufflebeat;Serviços;RS;Moch;28/11/2021;Inativo;;
834;589-85-0921;Katz;Serviços;RS;Morteros;25/09/2018;Ativo;;
803;142-47-1230;Avavee;Varejo;PA;Quận Năm;25/12/2014;Inativo;;
341;390-50-4817;Oyoba;Varejo;PR;Chester;19/09/2011;Ativo;;
922;897-48-5458;Wikibox;Varejo;RJ;Bergen;12/12/2018;Ativo;;
442;568-20-1341;Nlounge;Varejo;RJ;Żychlin;15/04/2023;Ativo;;
630;281-31-8851;Thoughtstorm;Serviços;RN;Sicamous;11/08/2019;Inativo;;
903;889-15-1688;Chatterbridge;Serviços;RN;Gremyachinsk;09/10/2012;Inativo;;
830;143-85-8210;Flashdog;Serviços;PR;Dayuan;09/07/2019;Inativo;;
127;126-75-8902;Twitternation;Serviços;MS;Shkodër;13/02/2017;Ativo;;
201;804-18-9068;Plajo;Serviços;RR;Saint-Quentin;04/08/2018;Ativo;;
843;330-21-6476;Skipstorm;Varejo;SC;Moss;31/03/2007;Inativo;;
79;627-68-9995;Vinder;Varejo;RR;Sada;06/01/2013;Inativo;;
926;649-38-6314;Quatz;Industria;PR;Lukavice;01/08/2009;Ativo;;
937;738-46-4093;Buzzbean;Industria;RJ;Yantongtun;19/06/2013;Ativo;;
559;500-66-4544;Babbleblab;Industria;AM;Bang Bua Thong;27/04/2007;Inativo;;
513;112-13-6728;Wordware;Industria;MS;Pakembangan;18/08/2009;Inativo;;
906;488-89-2934;Devpoint;Varejo;SP;Martin;13/05/2011;Inativo;;
329;555-09-6578;Zoomlounge;Industria;MT;Lianghe;24/03/2025;Inativo;;
654;616-49-1414;Topdrive;Industria;MG;Yanggu;16/07/2010;Ativo;;
486;449-14-3089;Jaxspan;Varejo;RJ;Zielona Góra;03/02/2016;Inativo;;
445;501-88-6331;Meemm;Varejo;RJ;Dehī;03/09/2011;Ativo;;
65;722-94-5357;Wikizz;Industria;SP;Houjia;06/10/2021;Ativo;;
744;629-63-5844;Skippad;Industria;SE;Vinhedo;10/09/2020;Inativo;;
555;259-56-8615;Quatz;Industria;AM;Babat;08/07/2025;Inativo;;
638;693-19-6088;Jabberbean;Varejo;SP;Siumate;23/12/2021;Inativo;;
211;325-88-9688;Zoomcast;Varejo;PA;Langzhong;20/12/2010;Inativo;;
601;581-77-8238;Oba;Serviços;SE;Rezovac;11/03/2018;Ativo;;
91;839-74-0738;Avamm;Industria;MA;Avignon;21/04/2024;Ativo;;
596;491-41-1066;Oodoo;Industria;SP;Accha;19/06/2025;Ativo;;
285;528-60-1282;Flipbug;Serviços;MA;Skała;13/01/2013;Inativo;;
343;780-51-7652;Tagfeed;Varejo;RS;Cubará;23/03/2017;Inativo;;
665;149-37-7733;Quinu;Varejo;AM;Petaling Jaya;12/09/2007;Ativo;;
245;723-35-2059;Blogtags;Varejo;MA;Gorskaya;24/09/2024;Ativo;;
939;709-05-0813;Zoomzone;Varejo;SP;Zhangjiawo;15/12/2023;Ativo;;
298;661-44-8006;Yodo;Serviços;SE;Siaya;21/04/2018;Inativo;;
479;527-69-2653;Quaxo;Serviços;RN;Bangekdewa;30/08/2017;Inativo;;
209;112-58-3476;Meevee;Industria;PA;Mamponteng;22/10/2009;Ativo;;
430;834-17-0279;Jabberstorm;Varejo;SC;Fernandópolis;15/06/2015;Inativo;;
455;354-38-7473;Youspan;Varejo;MS;Shazi;17/06/2020;Inativo;;
405;122-97-5821;Ntag;Serviços;AM;Alingsås;15/11/2021;Inativo;;
317;406-14-1312;Eayo;Industria;AM;Dushu;17/11/2020;Inativo;;
589;245-07-5842;Zazio;Industria;MT;Delray Beach;02/05/2021;Inativo;;
766;182-09-3294;Linktype;Varejo;RR;Grindavík;31/03/2009;Inativo;;
177;842-72-4671;Feedfire;Serviços;MS;Niort;24/11/2018;Ativo;;
249;843-10-0375;Linktype;Serviços;SP;Changning;22/02/2010;Ativo;;
51;869-41-6268;Centimia;Industria;GO;Wissous;08/12/2022;Ativo;;
850;375-05-0484;Twitterworks;Industria;GO;Jeziorany;06/07/2007;Inativo;;
453;615-73-3931;Feedspan;Varejo;PA;Villa Carlos Paz;29/03/2013;Ativo;;
86;344-35-5364;Rhynoodle;Varejo;MT;Shakhtars’k;18/09/2010;Inativo;;
732;313-20-9580;Quimba;Serviços;RN;Lenchwe Le Tau;16/01/2019;Inativo;;
897;862-39-4546;Dynabox;Varejo;RS;Miandrivazo;09/07/2009;Inativo;;
661;773-75-5360;Reallinks;Industria;MT;Bayan;28/05/2018;Inativo;;
137;416-58-6308;Twitternation;Industria;MS;Charleville-Mézières;17/01/2016;Inativo;;
359;725-15-3641;Rhybox;Serviços;PR;Trzin;30/07/2025;Ativo;;
351;589-90-7696;Flipstorm;Varejo;SC;Postupice;12/02/2021;Inativo;;
579;244-77-6181;Feedfish;Serviços;RS;Hoorn;20/05/2022;Inativo;;
913;159-46-6225;Dabshots;Industria;PA;Pataias;07/10/2016;Ativo;;
507;266-73-5758;Feedspan;Varejo;MG;Tambangan;21/12/2022;Ativo;;
255;268-35-8327;Kwideo;Serviços;TO;Anahawan;21/08/2018;Ativo;;
732;129-66-5421;Twinder;Industria;TO;Obama;16/02/2016;Ativo;;
345;863-74-7346;Roombo;Varejo;AM;Sibut;04/11/2012;Inativo;;
875;871-48-5655;Oozz;Varejo;PR;Toyokawa;15/05/2019;Inativo;;
138;194-56-6432;Demivee;Serviços;SP;Stylída;27/12/2015;Inativo;;
769;780-16-0828;Bluezoom;Varejo;AM;Izlake;21/05/2014;Inativo;;
19;429-12-9880;Tambee;Varejo;GO;Nova Pazova;05/09/2016;Ativo;;
183;304-58-7769;Trilith;Varejo;TO;Al Aḩmadī;10/12/2017;Inativo;;
143;667-77-1427;Yodo;Serviços;PR;Phichit;04/07/2013;Ativo;;
278;565-76-2522;Realfire;Serviços;SC;Psáry;25/05/2024;Ativo;;
678;640-78-8065;Eire;Varejo;PA;Zengjia;27/07/2024;Ativo;;
212;423-07-6368;Mydeo;Industria;RN;San Jacinto;08/10/2015;Ativo;;
658;211-19-2930;Topiczoom;Industria;PA;Bungabon;23/11/2020;Inativo;;
11;209-95-0896;Meedoo;Serviços;MT;Palykavichy Pyershyya;12/02/2024;Inativo;;
19;654-30-1554;Katz;Industria;AM;Yaogou;18/02/2024;Ativo;;
153;691-64-2037;Katz;Serviços;SE;Opuzen;15/08/2024;Ativo;;
985;822-59-5931;Devcast;Varejo;SP;Konče;05/11/2013;Inativo;;
547;260-78-6784;Oyoloo;Varejo;SE;Niandou;20/05/2014;Ativo;;
821;601-06-4675;Flashdog;Industria;MT;Cawayan;11/03/2008;Inativo;;
3;189-93-3403;Twitterlist;Industria;MG;Lisakovsk;10/06/2011;Ativo;;
669;146-57-6692;Skaboo;Industria;RJ;Kim Sơn;28/01/2014;Ativo;;
727;145-57-3379;Divape;Industria;MT;Mpika;26/10/2008;Ativo;;
716;660-09-9415;Jabbersphere;Serviços;RN;Guadalupe;10/10/2008;Ativo;;
315;842-09-8460;Devpoint;Varejo;PA;Fès;21/02/2019;Ativo;;
536;596-39-2889;Divape;Varejo;SE;Batulawang;22/02/2008;Inativo;;
477;358-54-4750;Photospace;Industria;RN;Edinburgh of the Seven Seas;27/09/2015;Inativo;;
115;325-55-0539;Fivebridge;Serviços;MA;Nowosielce-Gniewosz;06/07/2018;Ativo;;
442;757-69-3088;Zoomzone;Serviços;SE;Santa Cruz;06/04/2015;Ativo;;
878;767-20-1234;Eabox;Varejo;MA;Kotaagung;07/01/2025;Ativo;;
837;261-08-7178;Oozz;Varejo;MT;Mongaguá;20/07/2024;Ativo;;
384;581-87-7008;Thoughtbeat;Varejo;RS;Landi Kotal;10/12/2018;Inativo;;
101;418-28-7892;Avavee;Varejo;GO;Sandymount;23/01/2009;Inativo;;
775;119-62-8483;Roodel;Varejo;RR;Illkirch-Graffenstaden;08/06/2013;Ativo;;
180;860-23-5540;Youopia;Varejo;RN;Nogueira;21/02/2017;Ativo;;
33;206-83-6538;Mudo;Varejo;MS;Masaraway;11/01/2016;Inativo;;
40;156-93-8925;Teklist;Varejo;SP;Heishan;26/02/2025;Inativo;;
181;211-60-7208;Flipopia;Serviços;MS;Boshi;25/08/2008;Ativo;;
871;109-80-0383;Roodel;Serviços;SP;Calinog;18/12/2013;Inativo;;
843;860-43-9750;Rhyloo;Varejo;RN;Qinghaihu;30/12/2016;Ativo;;
