ID_Contrato;id_Cliente;Nome_Empresa;Tipo_de_Serviço;Valor_Mensal;Data_de_Inicio;Data_de_Vencimento;Status_do_Contrato;;;
561;805;Yodoo;Manutenção predial;17827,59;13/08/2018;17/01/2026;Suspenso;;;
391;743;Topdrive;Limpeza e conservação;261804,30;03/10/2009;20/08/2026;Ativo;;;
923;347;Yoveo;Limpeza e conservação;291262,39;14/08/2008;18/05/2026;Suspenso;;;
991;544;Zoozzy;Jardinagem e Paisagismo;402710,85;17/06/2025;29/03/2026;Ativo;;;
681;759;Yoveo;Jardinagem e Paisagismo;404873,26;03/05/2025;13/08/2026;Ativo;;;
264;29;Photolist;Segurança Patrimonial;65269,24;05/04/2013;01/03/2026;Cancelado;;;
590;348;Camimbo;Limpeza e conservação;92305,82;04/08/2024;03/09/2026;Ativo;;;
455;779;Voolia;Limpeza e conservação;44539,48;12/08/2013;18/03/2026;Suspenso;;;
272;44;Quire;Manutenção predial;348782,80;01/02/2018;21/02/2026;Ativo;;;1,00
33;888;Babbleblab;Serviço de Apoio (SOFT);364848,34;18/09/2020;07/09/2027;Suspenso;;;
926;223;Aivee;Manutenção predial;137147,66;28/07/2008;19/06/2027;Cancelado;;;
931;887;Twimm;Limpeza e conservação;337911,99;08/01/2024;12/04/2027;Suspenso;;;
917;763;Quatz;Limpeza e conservação;260737,31;09/03/2008;25/03/2026;Cancelado;;;
391;118;Meetz;Limpeza e conservação;407194,47;26/04/2022;15/05/2027;Suspenso;;;
29;267;Leexo;Limpeza e conservação;87314,27;26/02/2007;18/08/2026;Suspenso;;;
328;925;Chatterpoint;Manutenção predial;321077,85;06/01/2021;04/04/2027;Ativo;;;
144;271;Realblab;Limpeza e conservação;217870,39;08/10/2009;08/06/2026;Suspenso;;;
755;906;Yakitri;Limpeza e conservação;106004,69;26/09/2014;28/06/2026;Cancelado;;;
234;957;Podcat;Limpeza e conservação;212307,77;26/10/2007;15/06/2027;Cancelado;;;
575;125;Tazz;Segurança Patrimonial;158002,52;02/02/2007;18/08/2026;Ativo;;;
520;443;Oyope;Limpeza e conservação;141723,67;01/08/2024;22/10/2026;Cancelado;;;
591;608;Avavee;Limpeza e conservação;236916,95;08/08/2008;05/02/2026;Cancelado;;;
562;832;Dynazzy;Manutenção predial;166659,69;18/08/2012;19/01/2026;Cancelado;;;
341;112;Flashdog;Limpeza e conservação;50029,49;29/04/2018;28/08/2026;Cancelado;;;
72;97;Mycat;Manutenção predial;457589,87;25/12/2016;30/05/2026;Suspenso;;;
927;617;Kamba;Limpeza e conservação;301626,12;06/09/2018;23/05/2027;Ativo;;;
356;957;Voonix;Limpeza e conservação;318150,34;23/05/2007;26/02/2027;Cancelado;;;
299;537;Thoughtblab;Jardinagem e Paisagismo;146511,04;22/04/2022;23/09/2027;Ativo;;;
402;946;Yodel;Segurança Patrimonial;215152,86;04/09/2018;03/12/2026;Ativo;;;
341;536;Flashspan;Manutenção predial;82751,61;08/01/2014;01/10/2026;Suspenso;;;
70;859;Gabtune;Serviço de Apoio (SOFT);15272,09;05/12/2009;08/03/2026;Cancelado;;;
100;429;Fatz;Jardinagem e Paisagismo;169339,93;02/02/2020;30/12/2026;Suspenso;;;
959;333;Zoozzy;Manutenção predial;455484,87;26/07/2010;04/08/2026;Ativo;;;
869;452;Photobug;Jardinagem e Paisagismo;373773,19;23/03/2011;04/07/2027;Cancelado;;;
898;201;Trilia;Manutenção predial;334930,11;17/11/2016;06/10/2027;Cancelado;;;
62;140;Pixope;Serviço de Apoio (SOFT);187245,44;29/12/2015;13/11/2026;Ativo;;;
246;735;Twiyo;Limpeza e conservação;142812,29;22/04/2012;14/03/2027;Cancelado;;;
992;405;Feedfire;Manutenção predial;45161,52;18/08/2024;12/08/2027;Suspenso;;;
352;809;Yakijo;Manutenção predial;460348,85;15/03/2019;23/01/2026;Suspenso;;;
382;16;Wordify;Jardinagem e Paisagismo;175622,76;16/05/2021;05/05/2027;Cancelado;;;
836;121;Youbridge;Segurança Patrimonial;95588,85;19/09/2016;31/01/2026;Suspenso;;;
477;747;Babbleset;Jardinagem e Paisagismo;331171,64;05/07/2011;30/10/2025;Cancelado;;;
632;582;Meevee;Limpeza e conservação;115916,35;24/10/2013;31/12/2025;Ativo;;;
191;579;Tagchat;Jardinagem e Paisagismo;172550,31;19/03/2020;16/12/2025;Suspenso;;;
543;985;Skajo;Serviço de Apoio (SOFT);389635,36;19/08/2013;29/04/2027;Cancelado;;;
227;818;Yozio;Limpeza e conservação;219178,12;23/02/2007;24/02/2026;Cancelado;;;
774;664;Rhynyx;Limpeza e conservação;405823,99;24/04/2012;26/01/2026;Suspenso;;;
616;917;Kwilith;Limpeza e conservação;394885,84;19/10/2015;09/03/2026;Cancelado;;;
777;184;Feedfish;Manutenção predial;470723,33;13/04/2015;20/10/2027;Cancelado;;;
340;346;Oozz;Manutenção predial;133094,55;26/07/2022;08/08/2027;Cancelado;;;
469;437;Voolith;Segurança Patrimonial;12248,79;18/03/2016;28/10/2027;Cancelado;;;
399;732;Flashdog;Manutenção predial;213146,82;29/07/2010;21/12/2026;Ativo;;;
501;584;Dynabox;Limpeza e conservação;459465,49;28/04/2007;31/03/2027;Suspenso;;;
230;578;Topiczoom;Serviço de Apoio (SOFT);402693,49;03/04/2007;28/03/2026;Cancelado;;;
174;248;Eadel;Segurança Patrimonial;412211,78;31/05/2007;29/12/2025;Suspenso;;;
856;171;Yakijo;Limpeza e conservação;169902,89;18/04/2013;08/04/2026;Ativo;;;
172;460;Skajo;Jardinagem e Paisagismo;56379,19;14/05/2013;26/01/2026;Cancelado;;;
947;350;Wordware;Segurança Patrimonial;335594,11;20/08/2020;26/10/2027;Ativo;;;
162;776;Aimbu;Limpeza e conservação;496745,52;05/02/2008;18/08/2026;Cancelado;;;
765;448;Tazz;Manutenção predial;457765,41;22/03/2021;08/11/2026;Cancelado;;;
675;728;Brainverse;Limpeza e conservação;487295,22;13/04/2008;05/11/2025;Ativo;;;
892;659;Twimm;Jardinagem e Paisagismo;408040,51;04/03/2021;20/06/2027;Ativo;;;
58;487;Oba;Manutenção predial;272737,95;29/11/2013;04/06/2027;Cancelado;;;
181;938;Dabshots;Segurança Patrimonial;279650,93;06/09/2011;01/05/2027;Cancelado;;;
8;422;Mycat;Jardinagem e Paisagismo;430538,89;15/05/2022;07/11/2025;Ativo;;;
239;345;Skinte;Limpeza e conservação;99654,97;20/07/2025;31/10/2025;Ativo;;;
379;469;Yakitri;Serviço de Apoio (SOFT);211913,48;28/02/2020;22/04/2027;Suspenso;;;
99;308;Wordware;Jardinagem e Paisagismo;25328,00;22/02/2018;25/11/2025;Ativo;;;
390;238;Plajo;Manutenção predial;18473,26;09/07/2015;05/07/2027;Cancelado;;;
338;354;Zoonder;Limpeza e conservação;281654,46;22/03/2017;01/10/2027;Suspenso;;;
158;513;Blogpad;Segurança Patrimonial;279056,77;13/05/2016;03/01/2027;Ativo;;;
19;564;Katz;Segurança Patrimonial;426881,10;19/11/2022;26/07/2026;Cancelado;;;
341;347;Photospace;Serviço de Apoio (SOFT);9096,36;30/04/2007;03/04/2027;Ativo;;;
666;6;Rhynoodle;Serviço de Apoio (SOFT);207072,63;31/08/2016;22/04/2027;Ativo;;;
733;493;Jamia;Limpeza e conservação;398093,73;29/06/2019;20/02/2027;Cancelado;;;
300;476;Jaloo;Segurança Patrimonial;468948,55;11/06/2010;06/11/2026;Cancelado;;;
787;153;Livefish;Limpeza e conservação;94603,97;13/10/2013;24/09/2027;Cancelado;;;
397;359;Wordify;Limpeza e conservação;161732,10;03/08/2020;27/06/2027;Ativo;;;
447;142;Camimbo;Manutenção predial;116638,20;06/01/2009;27/06/2027;Ativo;;;
611;516;Ooba;Manutenção predial;285148,67;08/03/2011;03/11/2026;Suspenso;;;
121;552;Zava;Serviço de Apoio (SOFT);474851,79;23/09/2016;13/12/2026;Cancelado;;;
185;932;Topiczoom;Manutenção predial;103735,08;29/10/2024;02/11/2026;Suspenso;;;
831;618;Dabjam;Limpeza e conservação;330930,55;11/09/2008;26/11/2025;Cancelado;;;
723;747;Roodel;Segurança Patrimonial;445716,33;21/05/2010;18/02/2027;Ativo;;;
42;344;Ntag;Serviço de Apoio (SOFT);382839,64;16/02/2025;24/09/2026;Cancelado;;;
888;638;Yoveo;Manutenção predial;336913,09;06/02/2015;25/01/2027;Cancelado;;;
392;221;Kwimbee;Segurança Patrimonial;223243,65;17/05/2015;03/03/2026;Cancelado;;;
929;314;Bluezoom;Jardinagem e Paisagismo;485263,87;16/01/2012;04/06/2026;Cancelado;;;
295;454;Fivespan;Limpeza e conservação;16438,00;26/03/2025;29/10/2026;Cancelado;;;
213;494;Voomm;Manutenção predial;380630,55;07/02/2016;24/04/2026;Cancelado;;;
484;16;Einti;Limpeza e conservação;437698,62;16/06/2024;20/02/2027;Cancelado;;;
506;96;Gigashots;Segurança Patrimonial;327421,26;25/12/2016;02/04/2026;Cancelado;;;
51;632;Tazz;Serviço de Apoio (SOFT);292737,29;11/05/2008;25/11/2026;Suspenso;;;
590;600;Eayo;Manutenção predial;201984,83;27/06/2022;21/12/2025;Ativo;;;
73;331;Skivee;Segurança Patrimonial;493992,49;13/11/2012;22/09/2026;Ativo;;;
900;152;Edgewire;Manutenção predial;370240,27;21/03/2012;07/08/2027;Ativo;;;
660;691;Quinu;Limpeza e conservação;292832,53;22/01/2009;02/02/2027;Suspenso;;;
533;524;Bluejam;Manutenção predial;115113,50;25/02/2022;18/11/2026;Cancelado;;;
810;550;JumpXS;Manutenção predial;443347,24;26/04/2009;07/10/2026;Suspenso;;;
374;993;Edgetag;Limpeza e conservação;316566,83;03/05/2014;19/10/2026;Cancelado;;;
512;396;Topiczoom;Manutenção predial;23529,46;01/04/2008;15/11/2026;Ativo;;;
1000;457;Centizu;Limpeza e conservação;487802,46;16/08/2009;25/06/2026;Suspenso;;;
934;29;Muxo;Serviço de Apoio (SOFT);349725,20;01/06/2011;09/07/2026;Cancelado;;;
931;429;Feedfire;Jardinagem e Paisagismo;388611,51;16/02/2023;08/10/2027;Ativo;;;
853;18;Aivee;Manutenção predial;442944,31;24/05/2010;24/04/2027;Suspenso;;;
576;433;Twitterlist;Limpeza e conservação;170991,22;22/04/2021;16/11/2026;Cancelado;;;
63;580;Eazzy;Manutenção predial;389158,17;16/06/2008;13/10/2026;Suspenso;;;
674;55;Leexo;Jardinagem e Paisagismo;161040,59;11/01/2022;12/03/2026;Suspenso;;;
61;51;Aimbu;Manutenção predial;279605,92;16/04/2025;05/12/2026;Ativo;;;
141;817;Yotz;Serviço de Apoio (SOFT);260454,80;22/11/2023;11/09/2026;Cancelado;;;
632;483;Quimba;Manutenção predial;107843,37;19/11/2008;12/04/2026;Cancelado;;;
44;824;Reallinks;Serviço de Apoio (SOFT);356042,44;21/06/2025;19/02/2027;Cancelado;;;
686;812;Browsebug;Jardinagem e Paisagismo;368135,36;31/03/2024;05/11/2026;Ativo;;;
863;921;Kwilith;Segurança Patrimonial;383123,62;26/06/2019;30/12/2026;Ativo;;;
521;6;Oloo;Manutenção predial;308855,31;04/07/2021;18/10/2027;Cancelado;;;
850;575;Rhyzio;Manutenção predial;94054,39;12/07/2017;05/06/2027;Suspenso;;;
397;738;Avamm;Segurança Patrimonial;381313,57;02/04/2009;24/05/2027;Suspenso;;;
869;612;Katz;Manutenção predial;420066,86;10/05/2009;10/01/2026;Ativo;;;
479;885;Chatterbridge;Manutenção predial;264524,85;27/02/2013;17/04/2027;Suspenso;;;
257;961;Photojam;Manutenção predial;89369,50;13/08/2022;11/05/2027;Suspenso;;;
85;953;Twitterwire;Manutenção predial;7655,20;04/09/2019;20/01/2026;Suspenso;;;
433;396;Twiyo;Serviço de Apoio (SOFT);63911,09;04/11/2023;19/07/2026;Suspenso;;;
895;201;Trilith;Manutenção predial;224794,41;18/07/2018;21/12/2025;Suspenso;;;
124;703;Twitterlist;Segurança Patrimonial;107497,67;12/06/2025;18/11/2026;Suspenso;;;
720;71;Skivee;Manutenção predial;415341,06;07/09/2012;27/04/2027;Cancelado;;;
73;893;Oodoo;Segurança Patrimonial;352424,11;13/11/2007;24/06/2026;Suspenso;;;
719;641;Blogpad;Manutenção predial;89657,63;19/10/2017;16/10/2027;Ativo;;;
804;220;Zoonoodle;Manutenção predial;154174,57;02/02/2008;03/06/2027;Suspenso;;;
913;240;Quatz;Serviço de Apoio (SOFT);57849,78;14/08/2010;17/09/2027;Cancelado;;;
573;425;Meejo;Manutenção predial;48054,47;19/06/2014;03/06/2027;Suspenso;;;
156;398;Kaymbo;Manutenção predial;397201,98;08/11/2014;10/03/2026;Ativo;;;
865;175;Jaxspan;Segurança Patrimonial;88250,40;23/08/2011;09/09/2027;Ativo;;;
486;876;Yodel;Manutenção predial;464733,64;17/06/2015;22/07/2027;Cancelado;;;
895;590;Layo;Serviço de Apoio (SOFT);82592,06;26/07/2019;17/12/2026;Cancelado;;;
779;414;Buzzbean;Segurança Patrimonial;326048,57;06/03/2008;10/05/2027;Ativo;;;
225;919;Devbug;Limpeza e conservação;327746,04;04/01/2023;02/06/2027;Ativo;;;
967;321;Zava;Serviço de Apoio (SOFT);18986,65;24/10/2013;30/08/2026;Cancelado;;;
39;561;Yoveo;Limpeza e conservação;27226,00;19/07/2015;20/11/2026;Suspenso;;;
806;240;Meejo;Jardinagem e Paisagismo;177104,60;23/04/2011;16/09/2026;Suspenso;;;
417;393;Fadeo;Manutenção predial;447209,63;30/05/2024;26/07/2027;Ativo;;;
711;74;Ntags;Limpeza e conservação;238374,70;10/05/2019;23/08/2026;Suspenso;;;
710;719;Skajo;Segurança Patrimonial;37191,81;14/07/2007;06/06/2026;Suspenso;;;
433;444;Podcat;Limpeza e conservação;205915,51;05/02/2007;24/10/2026;Suspenso;;;
861;445;Skilith;Manutenção predial;61057,06;27/07/2010;08/09/2026;Cancelado;;;
771;172;Buzzdog;Limpeza e conservação;178993,21;30/10/2021;21/10/2027;Ativo;;;
924;285;Realmix;Jardinagem e Paisagismo;399873,21;27/10/2020;13/08/2027;Ativo;;;
437;815;Topdrive;Limpeza e conservação;344400,31;10/04/2025;30/03/2026;Cancelado;;;
935;175;Yabox;Manutenção predial;131670,35;15/08/2025;10/06/2027;Ativo;;;
55;103;Avavee;Jardinagem e Paisagismo;333493,01;27/09/2025;11/01/2027;Ativo;;;
835;500;Trilith;Manutenção predial;264228,73;16/10/2017;22/02/2027;Ativo;;;
644;125;Cogidoo;Jardinagem e Paisagismo;212089,85;03/04/2015;24/04/2026;Cancelado;;;
219;244;Fiveclub;Serviço de Apoio (SOFT);72047,57;04/07/2012;08/12/2025;Ativo;;;
960;324;Abata;Segurança Patrimonial;178689,19;10/05/2025;18/03/2026;Cancelado;;;
154;280;Edgepulse;Jardinagem e Paisagismo;307042,48;20/06/2010;21/01/2027;Suspenso;;;
635;500;Meevee;Limpeza e conservação;375146,09;07/09/2007;17/08/2026;Suspenso;;;
90;871;Izio;Serviço de Apoio (SOFT);149934,07;16/12/2017;19/02/2027;Ativo;;;
694;467;Ntag;Segurança Patrimonial;162919,44;29/03/2014;02/11/2026;Suspenso;;;
92;236;Mynte;Segurança Patrimonial;471578,50;25/09/2015;21/05/2026;Ativo;;;
959;166;Chatterpoint;Limpeza e conservação;156211,04;08/02/2019;25/09/2027;Suspenso;;;
419;659;Fliptune;Limpeza e conservação;285396,07;04/06/2023;22/11/2026;Cancelado;;;
983;378;Brainlounge;Serviço de Apoio (SOFT);322309,58;26/06/2008;02/05/2027;Ativo;;;
211;601;Skajo;Manutenção predial;98261,07;22/01/2012;07/09/2027;Ativo;;;
704;738;Voonix;Segurança Patrimonial;259009,83;15/08/2022;23/01/2026;Cancelado;;;
96;463;Fivebridge;Manutenção predial;83867,26;18/05/2010;24/09/2026;Ativo;;;
6;208;Topicblab;Limpeza e conservação;36608,52;14/02/2012;07/10/2026;Cancelado;;;
485;542;Feedspan;Segurança Patrimonial;407803,20;11/01/2023;09/07/2026;Cancelado;;;
734;756;Mycat;Jardinagem e Paisagismo;470393,82;16/01/2023;23/03/2027;Suspenso;;;
754;939;Quatz;Serviço de Apoio (SOFT);172747,74;20/06/2023;23/06/2026;Ativo;;;
473;970;Zoovu;Segurança Patrimonial;486583,71;19/05/2008;17/09/2026;Ativo;;;
649;533;Pixoboo;Manutenção predial;24321,62;05/05/2024;27/09/2026;Cancelado;;;
442;285;Fanoodle;Manutenção predial;51306,33;18/11/2010;24/06/2027;Cancelado;;;
372;62;Meedoo;Manutenção predial;100734,83;28/05/2019;10/01/2027;Ativo;;;
19;496;Yakijo;Limpeza e conservação;78906,49;07/02/2024;15/02/2027;Suspenso;;;
732;583;Blogspan;Limpeza e conservação;88717,26;13/04/2014;19/12/2026;Cancelado;;;
925;742;Voonix;Manutenção predial;209154,07;06/06/2016;28/10/2026;Cancelado;;;
672;441;Realcube;Manutenção predial;326780,95;29/12/2010;28/11/2025;Ativo;;;
5;844;Wordify;Segurança Patrimonial;138128,48;23/04/2008;25/08/2026;Cancelado;;;
350;425;Twitternation;Segurança Patrimonial;420265,74;23/12/2024;06/01/2027;Suspenso;;;
987;561;Browsedrive;Jardinagem e Paisagismo;196519,05;10/12/2010;25/05/2026;Ativo;;;
471;811;Edgetag;Manutenção predial;251919,29;03/01/2020;02/08/2027;Cancelado;;;
446;433;Brainverse;Manutenção predial;480914,01;10/06/2012;12/10/2026;Suspenso;;;
758;85;Divanoodle;Segurança Patrimonial;57213,41;26/10/2009;07/05/2026;Ativo;;;
77;188;Flashdog;Segurança Patrimonial;176843,90;06/08/2020;11/02/2026;Suspenso;;;
974;64;Flashdog;Limpeza e conservação;303818,75;03/10/2024;16/04/2027;Ativo;;;
222;794;Kamba;Serviço de Apoio (SOFT);452884,92;18/12/2023;15/06/2026;Ativo;;;
108;508;Zava;Jardinagem e Paisagismo;270226,60;26/03/2021;20/10/2027;Suspenso;;;
589;135;Edgetag;Segurança Patrimonial;128492,54;02/01/2008;22/09/2027;Cancelado;;;
177;435;InnoZ;Manutenção predial;336857,34;27/06/2015;23/11/2025;Cancelado;;;
876;382;Riffpath;Limpeza e conservação;241633,75;21/10/2008;20/01/2027;Suspenso;;;
685;815;Wordtune;Serviço de Apoio (SOFT);335621,43;03/01/2019;05/07/2026;Suspenso;;;
724;425;Youbridge;Limpeza e conservação;82025,84;25/04/2013;03/01/2026;Suspenso;;;
355;838;Centidel;Limpeza e conservação;44271,52;16/04/2012;20/06/2026;Cancelado;;;
229;948;Cogibox;Limpeza e conservação;82121,18;01/01/2014;05/07/2026;Cancelado;;;
721;495;Mita;Jardinagem e Paisagismo;284982,24;26/05/2015;02/05/2027;Suspenso;;;
174;347;Tagfeed;Jardinagem e Paisagismo;109812,79;15/10/2021;09/05/2026;Ativo;;;
526;654;Vimbo;Segurança Patrimonial;77575,77;21/07/2020;07/02/2026;Ativo;;;
310;102;Vipe;Manutenção predial;213434,98;10/03/2010;17/05/2026;Cancelado;;;
459;769;Blogspan;Segurança Patrimonial;394111,16;11/07/2024;25/05/2027;Ativo;;;
673;538;Zoonoodle;Manutenção predial;132447,18;15/05/2025;10/10/2026;Cancelado;;;
722;863;Trudoo;Jardinagem e Paisagismo;394465,44;20/09/2011;21/07/2027;Cancelado;;;
710;188;Edgeblab;Limpeza e conservação;435291,39;21/12/2012;22/01/2027;Ativo;;;
859;481;Kwimbee;Segurança Patrimonial;260208,24;10/02/2023;26/05/2026;Ativo;;;
646;645;Feedfish;Serviço de Apoio (SOFT);179574,52;03/12/2016;19/12/2025;Suspenso;;;
859;17;Chatterbridge;Segurança Patrimonial;176773,35;04/05/2018;06/02/2026;Cancelado;;;
833;948;Jazzy;Jardinagem e Paisagismo;248715,37;13/10/2014;20/10/2026;Suspenso;;;
21;496;Wordtune;Manutenção predial;370638,75;02/04/2024;25/07/2026;Suspenso;;;
131;654;Vidoo;Limpeza e conservação;237154,99;15/10/2023;18/12/2025;Ativo;;;
450;947;Oba;Limpeza e conservação;185860,38;24/09/2010;29/11/2026;Ativo;;;
352;421;Babbleopia;Limpeza e conservação;40196,69;06/12/2018;24/08/2027;Ativo;;;
839;13;Mydo;Segurança Patrimonial;490508,32;27/01/2017;14/10/2027;Suspenso;;;
676;825;Babbleopia;Limpeza e conservação;174868,11;23/12/2022;01/10/2026;Ativo;;;
318;624;Skinder;Manutenção predial;161296,29;28/06/2012;08/09/2026;Cancelado;;;
423;930;Pixonyx;Limpeza e conservação;251111,37;19/04/2021;27/03/2027;Ativo;;;
159;269;Brightdog;Limpeza e conservação;385019,41;20/08/2022;08/05/2026;Suspenso;;;
279;700;Camimbo;Manutenção predial;366242,48;10/07/2021;23/01/2026;Ativo;;;
378;216;Fivespan;Limpeza e conservação;90374,66;09/10/2009;25/05/2027;Ativo;;;
668;456;Bubbletube;Jardinagem e Paisagismo;499771,13;18/05/2016;17/10/2027;Cancelado;;;
95;963;Oyope;Limpeza e conservação;385027,37;18/10/2007;22/09/2026;Suspenso;;;
251;94;Kamba;Limpeza e conservação;471662,53;14/03/2015;30/10/2026;Suspenso;;;
632;474;Realpoint;Limpeza e conservação;34072,68;25/10/2013;06/07/2027;Ativo;;;
957;349;Gigabox;Limpeza e conservação;67616,64;07/04/2015;13/03/2027;Ativo;;;
829;480;Janyx;Manutenção predial;106452,17;30/07/2012;24/03/2026;Cancelado;;;
545;420;Meejo;Limpeza e conservação;362150,28;04/06/2023;06/03/2026;Cancelado;;;
514;963;Buzzdog;Limpeza e conservação;387479,94;17/04/2011;22/03/2027;Cancelado;;;
854;333;Divavu;Manutenção predial;169634,90;30/07/2007;27/01/2027;Ativo;;;
638;237;Youtags;Serviço de Apoio (SOFT);204820,94;23/06/2021;11/08/2026;Ativo;;;
164;649;Podcat;Limpeza e conservação;376521,02;07/02/2020;27/02/2026;Suspenso;;;
15;434;Feedspan;Jardinagem e Paisagismo;279276,96;19/12/2017;15/01/2026;Cancelado;;;
396;421;Twitternation;Limpeza e conservação;455635,18;13/05/2015;20/05/2026;Ativo;;;
464;889;Skyvu;Segurança Patrimonial;403763,15;15/02/2025;20/05/2027;Cancelado;;;
776;407;Ozu;Manutenção predial;69599,78;21/03/2010;24/01/2027;Cancelado;;;
123;668;Oyope;Limpeza e conservação;75876,02;24/10/2008;21/03/2026;Ativo;;;
409;106;Flipbug;Limpeza e conservação;279500,39;08/11/2012;20/03/2026;Cancelado;;;
178;665;Kayveo;Limpeza e conservação;221580,94;04/06/2012;12/04/2026;Suspenso;;;
817;154;Kanoodle;Limpeza e conservação;102821,23;08/11/2020;02/04/2026;Ativo;;;
789;651;Tanoodle;Limpeza e conservação;178110,91;03/11/2010;27/10/2026;Suspenso;;;
842;212;Wordtune;Limpeza e conservação;362828,61;13/10/2022;01/03/2027;Cancelado;;;
530;144;Babbleblab;Manutenção predial;263113,73;13/04/2015;30/10/2026;Suspenso;;;
911;875;Tagtune;Limpeza e conservação;66393,15;06/05/2007;22/06/2027;Cancelado;;;
293;135;Flashdog;Limpeza e conservação;424421,84;01/03/2008;15/10/2027;Suspenso;;;
108;462;Yakijo;Limpeza e conservação;87975,16;23/09/2013;16/11/2025;Suspenso;;;
950;738;Eabox;Segurança Patrimonial;396035,29;13/11/2022;27/10/2027;Ativo;;;
501;1000;Youfeed;Segurança Patrimonial;471241,99;07/01/2015;17/02/2026;Cancelado;;;
993;159;Camimbo;Manutenção predial;453131,21;28/07/2020;27/04/2026;Cancelado;;;
709;153;Trilia;Limpeza e conservação;128984,30;05/03/2013;12/01/2027;Ativo;;;
861;925;Devpulse;Segurança Patrimonial;480139,70;31/10/2011;11/03/2026;Cancelado;;;
483;9;Babblestorm;Limpeza e conservação;285715,79;09/03/2008;03/12/2026;Ativo;;;
174;705;Topicblab;Manutenção predial;159389,33;17/01/2024;24/04/2026;Ativo;;;
911;223;Avamm;Manutenção predial;126800,88;19/04/2011;23/04/2027;Cancelado;;;
244;64;Roodel;Segurança Patrimonial;237021,43;01/12/2012;30/01/2027;Cancelado;;;
863;799;Eabox;Limpeza e conservação;118362,93;27/01/2014;05/01/2026;Cancelado;;;
493;28;Livetube;Manutenção predial;116840,56;28/11/2009;24/02/2027;Ativo;;;
328;931;Jabberbean;Manutenção predial;128415,12;06/08/2019;22/12/2025;Suspenso;;;
135;383;Skynoodle;Manutenção predial;384230,72;12/12/2019;26/11/2025;Ativo;;;
513;803;Meeveo;Segurança Patrimonial;241334,29;20/01/2020;30/12/2026;Ativo;;;
498;680;Mycat;Segurança Patrimonial;254153,78;19/08/2018;25/05/2026;Ativo;;;
922;579;Voonyx;Limpeza e conservação;197659,14;31/10/2007;04/11/2026;Ativo;;;
539;60;Quimba;Limpeza e conservação;408457,70;01/07/2012;11/07/2026;Suspenso;;;
620;183;Yadel;Manutenção predial;381068,19;25/02/2018;07/07/2026;Cancelado;;;
964;315;Tagfeed;Serviço de Apoio (SOFT);231618,01;30/04/2020;29/03/2026;Cancelado;;;
106;744;Oyoloo;Serviço de Apoio (SOFT);10794,70;13/08/2024;08/09/2027;Suspenso;;;
965;277;Aibox;Manutenção predial;161879,84;01/12/2022;08/03/2027;Ativo;;;
500;498;Viva;Manutenção predial;389805,81;06/11/2010;30/10/2025;Suspenso;;;
62;359;Wikibox;Segurança Patrimonial;480588,28;21/06/2020;12/06/2026;Ativo;;;
250;287;Zoombox;Manutenção predial;376961,98;02/03/2021;25/05/2026;Cancelado;;;
633;129;Bubblebox;Manutenção predial;386073,23;30/12/2012;31/05/2027;Cancelado;;;
879;538;DabZ;Limpeza e conservação;152746,03;03/12/2021;15/11/2025;Suspenso;;;
901;964;Edgeclub;Serviço de Apoio (SOFT);382955,14;27/09/2018;17/11/2026;Cancelado;;;
192;660;Ailane;Manutenção predial;72956,78;10/04/2018;31/05/2026;Suspenso;;;
928;481;Oyope;Limpeza e conservação;422497,88;12/04/2013;07/10/2026;Cancelado;;;
117;47;Zoomdog;Limpeza e conservação;152635,56;21/02/2014;11/02/2027;Ativo;;;
789;347;Yakijo;Manutenção predial;206058,36;17/03/2013;26/06/2027;Suspenso;;;
631;876;Linkbuzz;Limpeza e conservação;229224,61;18/12/2007;17/02/2027;Ativo;;;
331;368;Eimbee;Jardinagem e Paisagismo;368047,66;30/09/2009;20/07/2027;Cancelado;;;
926;263;Feedfish;Manutenção predial;129727,56;08/11/2020;26/11/2026;Ativo;;;
840;794;Skyble;Segurança Patrimonial;113398,44;05/12/2009;20/08/2026;Cancelado;;;
861;419;Zooxo;Segurança Patrimonial;340004,90;07/10/2022;14/05/2027;Suspenso;;;
938;508;Zoombox;Manutenção predial;405206,67;01/02/2014;10/10/2026;Cancelado;;;
114;137;Eire;Manutenção predial;297089,20;14/04/2024;26/08/2027;Suspenso;;;
101;65;Fadeo;Limpeza e conservação;337518,72;09/12/2017;05/07/2026;Cancelado;;;
866;427;Yacero;Limpeza e conservação;231347,94;31/08/2023;05/08/2026;Ativo;;;
880;818;Photospace;Limpeza e conservação;399930,01;07/08/2013;23/11/2026;Suspenso;;;
892;156;Centizu;Segurança Patrimonial;394077,85;27/12/2022;21/10/2027;Ativo;;;
714;873;Eadel;Segurança Patrimonial;235682,52;26/10/2015;18/06/2026;Ativo;;;
591;569;Gigashots;Manutenção predial;321442,89;29/01/2012;04/05/2027;Suspenso;;;
36;555;Abatz;Limpeza e conservação;135849,45;01/11/2011;08/03/2027;Cancelado;;;
323;759;Browseblab;Jardinagem e Paisagismo;441187,10;22/07/2012;21/09/2026;Suspenso;;;
582;57;Meedoo;Segurança Patrimonial;199247,00;09/02/2009;25/08/2027;Ativo;;;
992;335;Camido;Manutenção predial;420342,11;07/11/2018;19/06/2026;Ativo;;;
302;185;Nlounge;Manutenção predial;19168,46;03/08/2021;23/09/2026;Suspenso;;;
54;757;Quamba;Segurança Patrimonial;75061,91;26/12/2011;26/03/2027;Cancelado;;;
20;417;Oloo;Serviço de Apoio (SOFT);438089,51;01/03/2018;06/04/2027;Ativo;;;
220;851;Bubbletube;Segurança Patrimonial;279902,02;21/01/2023;26/10/2027;Suspenso;;;
676;176;Ooba;Jardinagem e Paisagismo;154247,10;08/03/2015;03/10/2027;Ativo;;;
531;495;Oyoba;Limpeza e conservação;356236,65;02/12/2011;25/09/2026;Suspenso;;;
256;94;Photojam;Manutenção predial;479592,00;15/12/2021;23/09/2026;Cancelado;;;
869;595;Twitternation;Manutenção predial;116993,35;24/09/2020;08/05/2027;Cancelado;;;
786;795;Oyoyo;Manutenção predial;74080,56;29/09/2025;03/05/2027;Cancelado;;;
940;960;Skipstorm;Manutenção predial;110399,20;17/09/2007;20/08/2027;Suspenso;;;
657;608;Mybuzz;Segurança Patrimonial;437093,29;12/10/2011;04/11/2025;Ativo;;;
36;749;Eidel;Manutenção predial;115618,32;31/08/2007;23/07/2026;Cancelado;;;
692;411;Topicblab;Manutenção predial;280429,66;06/12/2010;15/11/2025;Suspenso;;;
497;996;Jetwire;Serviço de Apoio (SOFT);452989,75;06/05/2010;26/02/2026;Ativo;;;
150;417;Gevee;Jardinagem e Paisagismo;67388,25;13/02/2008;22/07/2026;Ativo;;;
678;862;Topdrive;Serviço de Apoio (SOFT);251408,76;14/05/2011;03/11/2026;Ativo;;;
502;203;Nlounge;Manutenção predial;11328,56;16/06/2025;27/08/2027;Cancelado;;;
692;560;Dablist;Segurança Patrimonial;198847,15;09/09/2024;06/10/2027;Cancelado;;;
767;205;Feedspan;Serviço de Apoio (SOFT);35251,22;11/03/2009;27/01/2027;Ativo;;;
618;598;Innotype;Segurança Patrimonial;452554,68;29/01/2008;27/06/2027;Cancelado;;;
13;487;Youfeed;Segurança Patrimonial;384592,26;22/09/2024;31/05/2027;Ativo;;;
343;896;Gabspot;Jardinagem e Paisagismo;255589,90;29/11/2009;18/02/2026;Ativo;;;
500;464;Dynabox;Jardinagem e Paisagismo;397961,66;23/09/2010;12/05/2027;Cancelado;;;
966;277;Babbleset;Limpeza e conservação;153218,07;19/02/2009;04/11/2025;Suspenso;;;
179;464;Brainsphere;Limpeza e conservação;6586,09;16/08/2008;15/05/2026;Cancelado;;;
621;218;Meemm;Segurança Patrimonial;291414,47;17/07/2015;11/10/2026;Cancelado;;;
375;467;Dabfeed;Segurança Patrimonial;181753,87;31/01/2022;19/11/2025;Ativo;;;
701;73;Kamba;Limpeza e conservação;75904,20;11/05/2015;05/04/2026;Cancelado;;;
671;352;Flashdog;Segurança Patrimonial;304139,47;31/10/2013;11/02/2026;Cancelado;;;
665;542;Dabvine;Limpeza e conservação;144268,54;18/09/2020;20/06/2026;Cancelado;;;
75;1;Katz;Manutenção predial;324956,86;28/07/2019;11/05/2027;Suspenso;;;
253;829;Trudoo;Limpeza e conservação;263577,21;16/05/2008;28/11/2026;Cancelado;;;
8;726;Muxo;Manutenção predial;285987,24;08/07/2013;11/05/2027;Ativo;;;
491;179;Thoughtstorm;Manutenção predial;298755,85;27/12/2009;23/05/2027;Suspenso;;;
335;592;Realblab;Segurança Patrimonial;280067,30;16/09/2011;07/01/2027;Cancelado;;;
721;367;Kwinu;Jardinagem e Paisagismo;276616,03;05/08/2009;05/02/2027;Cancelado;;;
962;42;Dynazzy;Segurança Patrimonial;270948,08;01/08/2014;29/06/2026;Ativo;;;
312;350;Reallinks;Manutenção predial;478737,14;27/03/2023;22/01/2027;Ativo;;;
697;680;Fivechat;Segurança Patrimonial;35732,90;17/11/2018;13/02/2026;Suspenso;;;
67;753;Photojam;Limpeza e conservação;133018,95;28/11/2008;25/01/2027;Ativo;;;
284;849;Yadel;Limpeza e conservação;120997,37;14/12/2022;24/11/2025;Suspenso;;;
788;745;Yata;Limpeza e conservação;301763,73;17/10/2023;27/01/2027;Cancelado;;;
394;344;Brainverse;Segurança Patrimonial;286691,74;28/10/2011;10/10/2027;Cancelado;;;
220;800;Skyndu;Manutenção predial;87937,44;15/02/2015;17/02/2027;Ativo;;;
281;667;Camimbo;Jardinagem e Paisagismo;73607,97;15/07/2014;06/04/2027;Ativo;;;
690;434;Pixonyx;Serviço de Apoio (SOFT);230918,51;09/12/2014;13/05/2026;Cancelado;;;
229;917;Kwilith;Limpeza e conservação;329252,12;01/05/2008;23/04/2027;Ativo;;;
458;419;Vinte;Limpeza e conservação;368304,63;29/03/2024;21/06/2027;Suspenso;;;
72;355;Snaptags;Limpeza e conservação;169421,68;20/07/2008;08/05/2026;Suspenso;;;
883;161;Flashpoint;Limpeza e conservação;310057,89;05/04/2017;28/02/2026;Cancelado;;;
942;868;Blogtag;Limpeza e conservação;21288,09;28/05/2008;28/09/2027;Cancelado;;;
565;686;Dabtype;Limpeza e conservação;53199,66;23/06/2010;29/11/2026;Suspenso;;;
369;527;Meejo;Segurança Patrimonial;309975,73;02/11/2019;12/06/2026;Suspenso;;;
856;134;Kwinu;Segurança Patrimonial;202072,11;03/02/2016;29/09/2027;Suspenso;;;
606;198;Bluezoom;Limpeza e conservação;365217,54;02/05/2007;23/09/2027;Cancelado;;;
558;594;Reallinks;Segurança Patrimonial;283387,48;02/02/2015;22/10/2027;Cancelado;;;
100;649;Youbridge;Limpeza e conservação;147996,65;01/01/2018;13/02/2026;Suspenso;;;
873;286;Devify;Manutenção predial;449485,16;27/01/2012;30/11/2026;Ativo;;;
716;686;Wordtune;Manutenção predial;184957,37;10/02/2016;30/04/2026;Suspenso;;;
680;801;Browsedrive;Limpeza e conservação;385814,02;08/11/2010;26/11/2026;Ativo;;;
622;25;Meevee;Limpeza e conservação;148834,96;04/08/2021;23/12/2025;Ativo;;;
439;382;Voonyx;Limpeza e conservação;320379,49;29/03/2013;15/07/2026;Suspenso;;;
867;958;Gabvine;Manutenção predial;311117,54;30/11/2020;16/05/2026;Cancelado;;;
983;647;Flipopia;Jardinagem e Paisagismo;73305,98;01/11/2022;17/09/2027;Ativo;;;
849;588;Photobean;Manutenção predial;240416,06;05/06/2008;15/04/2026;Cancelado;;;
911;686;Eimbee;Jardinagem e Paisagismo;117539,64;05/11/2020;15/12/2026;Ativo;;;
572;204;Rhyzio;Jardinagem e Paisagismo;224779,51;24/11/2023;28/12/2026;Suspenso;;;
642;807;Fivechat;Manutenção predial;74475,90;04/06/2017;26/05/2026;Suspenso;;;
879;799;Jetwire;Limpeza e conservação;125916,45;01/06/2016;07/07/2027;Ativo;;;
683;674;Zoomdog;Limpeza e conservação;152264,74;06/11/2011;05/12/2026;Ativo;;;
728;41;Tekfly;Serviço de Apoio (SOFT);411168,79;22/10/2007;29/07/2026;Suspenso;;;
205;758;Yodo;Limpeza e conservação;95070,27;13/08/2016;26/02/2027;Ativo;;;
713;665;Twimm;Serviço de Apoio (SOFT);421138,68;07/01/2018;25/11/2025;Suspenso;;;
792;882;Kimia;Jardinagem e Paisagismo;232555,49;01/01/2019;29/01/2026;Ativo;;;
989;517;Jazzy;Jardinagem e Paisagismo;143130,44;29/10/2010;23/09/2026;Suspenso;;;
879;989;Edgepulse;Limpeza e conservação;134886,43;04/02/2020;03/07/2026;Suspenso;;;
450;317;Flashdog;Segurança Patrimonial;52448,05;21/10/2010;12/01/2027;Suspenso;;;
200;795;Realbridge;Segurança Patrimonial;354257,24;06/08/2016;30/01/2027;Ativo;;;
211;752;Twitterlist;Segurança Patrimonial;59428,24;06/10/2020;19/01/2027;Suspenso;;;
564;736;Topicware;Serviço de Apoio (SOFT);347057,11;21/07/2025;08/07/2027;Suspenso;;;
181;749;Yata;Jardinagem e Paisagismo;482368,13;26/02/2019;09/02/2027;Ativo;;;
700;610;Cogilith;Limpeza e conservação;301658,84;18/08/2008;27/11/2025;Suspenso;;;
284;45;Zoozzy;Segurança Patrimonial;388366,11;21/12/2016;18/05/2027;Ativo;;;
481;681;Eabox;Limpeza e conservação;472191,97;01/01/2011;10/09/2026;Suspenso;;;
230;812;Devbug;Jardinagem e Paisagismo;307079,13;22/07/2007;06/01/2027;Suspenso;;;
353;519;Trupe;Limpeza e conservação;102580,74;08/11/2020;07/01/2026;Ativo;;;
128;662;Skibox;Segurança Patrimonial;53675,22;02/01/2019;17/01/2026;Cancelado;;;
931;403;Voomm;Segurança Patrimonial;295317,34;14/03/2017;07/09/2027;Ativo;;;
800;272;Demimbu;Segurança Patrimonial;380363,69;15/06/2013;05/03/2026;Suspenso;;;
777;812;Youspan;Manutenção predial;248232,72;12/07/2023;31/10/2026;Ativo;;;
19;461;Kimia;Limpeza e conservação;105679,09;12/01/2013;18/06/2027;Suspenso;;;
288;158;Dablist;Manutenção predial;431610,55;11/05/2018;07/01/2026;Cancelado;;;
223;276;Skaboo;Limpeza e conservação;13680,37;08/05/2013;29/09/2027;Cancelado;;;
252;771;Jayo;Limpeza e conservação;200552,56;21/05/2011;23/11/2025;Suspenso;;;
271;542;Topicstorm;Jardinagem e Paisagismo;499462,81;26/01/2012;11/11/2025;Ativo;;;
723;313;Gigabox;Jardinagem e Paisagismo;259838,52;21/10/2013;15/12/2026;Ativo;;;
935;230;Skiba;Limpeza e conservação;247630,15;11/09/2011;17/02/2027;Cancelado;;;
920;888;Rhybox;Limpeza e conservação;474799,47;20/03/2023;15/11/2026;Cancelado;;;
894;531;Youspan;Manutenção predial;234372,15;03/11/2008;25/05/2026;Ativo;;;
143;893;Photobug;Limpeza e conservação;385731,33;28/02/2019;09/01/2026;Ativo;;;
97;731;Fadeo;Limpeza e conservação;42331,14;21/06/2009;16/11/2025;Cancelado;;;
605;549;Wordify;Serviço de Apoio (SOFT);16077,14;07/08/2011;08/11/2026;Cancelado;;;
468;193;Quinu;Serviço de Apoio (SOFT);361559,13;11/06/2015;14/04/2026;Ativo;;;
445;588;Katz;Segurança Patrimonial;222159,16;08/05/2020;12/07/2027;Suspenso;;;
576;666;Fivechat;Manutenção predial;238517,45;15/10/2009;01/06/2026;Suspenso;;;
472;766;Eadel;Serviço de Apoio (SOFT);405128,76;30/03/2017;29/09/2026;Cancelado;;;
929;815;Twimm;Limpeza e conservação;158193,84;15/09/2012;30/09/2027;Suspenso;;;
953;278;Oozz;Limpeza e conservação;430400,21;13/10/2021;12/11/2026;Cancelado;;;
555;320;Tazzy;Limpeza e conservação;491823,26;04/12/2009;23/11/2025;Suspenso;;;
870;353;Divanoodle;Segurança Patrimonial;462803,40;14/01/2008;04/05/2026;Ativo;;;
305;851;Thoughtbridge;Jardinagem e Paisagismo;159589,75;31/12/2009;13/05/2027;Ativo;;;
929;941;Meejo;Segurança Patrimonial;158398,71;06/09/2010;06/08/2027;Ativo;;;
611;32;Flashpoint;Limpeza e conservação;391651,25;03/02/2021;21/01/2027;Ativo;;;
160;760;Aivee;Manutenção predial;393354,61;30/03/2024;24/03/2027;Cancelado;;;
114;267;Brainverse;Limpeza e conservação;114561,65;28/02/2022;16/06/2026;Cancelado;;;
921;820;Zooveo;Segurança Patrimonial;158465,39;21/05/2024;09/03/2027;Suspenso;;;
20;709;Bubbletube;Manutenção predial;341191,37;26/06/2010;28/04/2026;Suspenso;;;
872;540;Flashpoint;Jardinagem e Paisagismo;446180,76;24/08/2018;07/05/2027;Cancelado;;;
329;658;Meembee;Manutenção predial;367093,59;30/04/2025;21/12/2025;Ativo;;;
759;337;Kwinu;Manutenção predial;34123,86;28/07/2018;25/12/2026;Suspenso;;;
838;961;Thoughtmix;Manutenção predial;481662,60;21/05/2019;11/06/2026;Suspenso;;;
877;737;Voolia;Limpeza e conservação;186496,76;06/07/2024;03/12/2025;Cancelado;;;
372;41;Kwinu;Limpeza e conservação;129355,77;29/06/2023;19/05/2026;Ativo;;;
936;707;Yakijo;Manutenção predial;167094,18;06/12/2021;13/06/2026;Cancelado;;;
432;248;Wikizz;Serviço de Apoio (SOFT);452008,39;14/01/2023;22/08/2026;Suspenso;;;
704;913;Meemm;Segurança Patrimonial;283288,78;14/07/2017;19/10/2027;Ativo;;;
291;131;Wikibox;Limpeza e conservação;230593,96;29/01/2015;09/07/2026;Cancelado;;;
973;261;Edgeclub;Jardinagem e Paisagismo;236433,50;19/12/2019;16/04/2027;Cancelado;;;
623;794;Eamia;Segurança Patrimonial;17761,46;08/07/2013;30/10/2025;Cancelado;;;
928;382;Rhyzio;Manutenção predial;224067,96;01/07/2022;18/01/2027;Suspenso;;;
427;996;Photojam;Manutenção predial;250468,02;27/05/2019;23/09/2026;Suspenso;;;
574;119;Ntags;Limpeza e conservação;116409,60;03/06/2020;23/07/2027;Cancelado;;;
105;393;Dabvine;Limpeza e conservação;20781,21;06/02/2018;25/02/2026;Cancelado;;;
609;226;Abata;Segurança Patrimonial;118072,46;10/06/2015;18/05/2027;Ativo;;;
714;498;Rhybox;Manutenção predial;214037,23;13/02/2023;28/12/2026;Suspenso;;;
356;557;Jetwire;Limpeza e conservação;285530,43;25/07/2011;17/11/2026;Cancelado;;;
806;43;Skibox;Segurança Patrimonial;473857,56;02/05/2022;24/03/2027;Ativo;;;
255;443;Yodoo;Manutenção predial;193642,51;18/11/2020;20/01/2026;Suspenso;;;
66;535;Kazu;Limpeza e conservação;405511,14;10/11/2022;28/06/2026;Suspenso;;;
585;541;Browseblab;Manutenção predial;312687,28;06/06/2025;22/10/2026;Ativo;;;
569;134;InnoZ;Limpeza e conservação;44986,48;22/10/2014;06/11/2026;Suspenso;;;
50;213;Chatterbridge;Manutenção predial;382701,50;27/09/2011;17/04/2027;Ativo;;;
13;493;Oyoyo;Limpeza e conservação;371695,35;12/06/2021;05/07/2027;Ativo;;;
439;553;Trudeo;Limpeza e conservação;358400,01;01/01/2019;23/03/2026;Ativo;;;
146;443;Eamia;Limpeza e conservação;186974,06;28/06/2016;18/07/2026;Ativo;;;
126;461;Dabfeed;Segurança Patrimonial;207644,05;06/03/2018;09/01/2027;Suspenso;;;
558;1;Lazzy;Limpeza e conservação;409684,14;14/03/2025;27/05/2026;Cancelado;;;
59;556;Kamba;Jardinagem e Paisagismo;42035,86;26/05/2008;03/12/2026;Suspenso;;;
689;997;Yakijo;Manutenção predial;409209,60;13/12/2021;07/04/2026;Cancelado;;;
191;18;Twitternation;Manutenção predial;74321,82;29/06/2023;28/07/2026;Ativo;;;
308;60;Viva;Segurança Patrimonial;304229,01;18/12/2012;05/04/2027;Cancelado;;;
502;258;Rhynoodle;Limpeza e conservação;63356,92;23/05/2010;27/12/2025;Ativo;;;
770;585;Wikibox;Manutenção predial;496762,86;08/02/2020;24/09/2027;Suspenso;;;
244;889;Flipbug;Segurança Patrimonial;140054,45;03/07/2013;04/04/2027;Cancelado;;;
934;745;Jabbertype;Serviço de Apoio (SOFT);497707,96;18/12/2017;25/08/2026;Cancelado;;;
742;398;Skiptube;Serviço de Apoio (SOFT);326821,77;25/01/2010;27/04/2027;Ativo;;;
731;699;Topicshots;Manutenção predial;48475,80;28/09/2013;24/03/2026;Cancelado;;;
406;344;Rhyloo;Segurança Patrimonial;157569,42;25/06/2025;07/08/2027;Ativo;;;
549;325;Leexo;Limpeza e conservação;171328,74;26/11/2011;07/03/2026;Cancelado;;;
283;181;Podcat;Limpeza e conservação;12536,57;25/09/2015;30/05/2026;Suspenso;;;
549;329;Meezzy;Segurança Patrimonial;498884,55;09/04/2023;15/11/2025;Suspenso;;;
850;508;Rhynyx;Jardinagem e Paisagismo;63868,93;05/11/2015;13/02/2026;Suspenso;;;
258;694;Tazzy;Manutenção predial;102006,18;25/09/2019;04/04/2026;Ativo;;;
734;313;Oodoo;Limpeza e conservação;208980,94;12/05/2009;29/09/2027;Suspenso;;;
33;345;Skippad;Limpeza e conservação;381150,41;30/09/2025;19/03/2027;Suspenso;;;
520;660;Thoughtbeat;Serviço de Apoio (SOFT);317166,10;08/04/2009;24/02/2027;Ativo;;;
465;230;Vidoo;Segurança Patrimonial;4947,94;08/06/2016;06/10/2026;Cancelado;;;
898;658;Ailane;Serviço de Apoio (SOFT);95697,99;11/09/2016;17/02/2026;Suspenso;;;
673;463;Thoughtstorm;Jardinagem e Paisagismo;356332,51;06/04/2011;24/04/2026;Suspenso;;;
371;720;Zooveo;Limpeza e conservação;472166,26;04/06/2009;22/09/2027;Ativo;;;
280;920;Avavee;Jardinagem e Paisagismo;231850,73;07/01/2024;24/07/2027;Ativo;;;
354;295;Agivu;Manutenção predial;168710,36;13/01/2016;07/07/2027;Cancelado;;;
736;940;Flashspan;Manutenção predial;386434,12;06/01/2014;26/10/2026;Cancelado;;;
281;160;Mudo;Jardinagem e Paisagismo;19544,97;25/02/2014;19/10/2027;Suspenso;;;
852;551;Thoughtworks;Serviço de Apoio (SOFT);430557,02;26/01/2018;18/06/2027;Suspenso;;;
582;5;Katz;Manutenção predial;306278,19;04/11/2015;09/07/2026;Suspenso;;;
351;576;Kwinu;Manutenção predial;10634,68;04/02/2007;28/02/2026;Ativo;;;
197;328;Mybuzz;Limpeza e conservação;444802,19;20/09/2012;04/11/2025;Ativo;;;
283;198;Jaxspan;Jardinagem e Paisagismo;97739,09;24/07/2024;08/04/2026;Cancelado;;;
461;651;Yodoo;Limpeza e conservação;299182,33;23/06/2021;18/12/2026;Suspenso;;;
661;436;Flashpoint;Limpeza e conservação;231476,62;28/06/2022;28/05/2027;Cancelado;;;
772;41;Podcat;Serviço de Apoio (SOFT);295918,62;29/08/2010;12/12/2026;Suspenso;;;
94;284;Voolia;Limpeza e conservação;62864,66;27/12/2016;11/09/2026;Suspenso;;;
901;784;Twitterlist;Limpeza e conservação;344468,09;19/06/2016;05/12/2026;Ativo;;;
815;845;Voonix;Segurança Patrimonial;362085,97;15/01/2021;19/05/2026;Suspenso;;;
458;963;Twitternation;Segurança Patrimonial;335596,41;23/12/2023;11/10/2026;Suspenso;;;
554;750;Photofeed;Manutenção predial;416742,03;14/06/2016;25/10/2026;Suspenso;;;
618;552;Riffpedia;Limpeza e conservação;253894,89;25/03/2015;14/08/2027;Suspenso;;;
549;78;Tambee;Serviço de Apoio (SOFT);340096,18;16/11/2012;29/05/2027;Suspenso;;;
153;749;Plajo;Jardinagem e Paisagismo;70023,27;28/02/2009;01/01/2026;Suspenso;;;
428;384;Janyx;Limpeza e conservação;224710,98;20/03/2021;24/08/2026;Suspenso;;;
326;641;Demizz;Segurança Patrimonial;388420,88;18/11/2018;26/03/2026;Ativo;;;
714;697;Wikizz;Segurança Patrimonial;315002,32;30/10/2022;24/12/2025;Ativo;;;
585;965;Yakijo;Manutenção predial;408599,26;10/05/2025;01/06/2027;Ativo;;;
263;745;Quaxo;Serviço de Apoio (SOFT);410093,06;10/10/2012;06/10/2026;Suspenso;;;
716;576;Avamba;Segurança Patrimonial;146814,50;08/03/2021;19/01/2026;Suspenso;;;
342;336;Ntag;Limpeza e conservação;155958,37;30/06/2021;25/09/2026;Cancelado;;;
141;838;Zoomdog;Limpeza e conservação;270071,25;13/10/2012;23/06/2026;Ativo;;;
705;345;Meezzy;Jardinagem e Paisagismo;377023,04;05/01/2017;29/11/2025;Suspenso;;;
786;37;Aibox;Segurança Patrimonial;200846,23;13/12/2007;04/10/2027;Suspenso;;;
677;6;Minyx;Limpeza e conservação;380729,52;23/06/2012;11/02/2026;Suspenso;;;
669;522;Zooxo;Manutenção predial;53568,52;14/05/2014;31/03/2026;Cancelado;;;
928;223;Tambee;Limpeza e conservação;201951,81;05/02/2021;23/08/2027;Suspenso;;;
786;30;Layo;Limpeza e conservação;131529,82;24/12/2024;27/08/2026;Cancelado;;;
270;389;Rhybox;Manutenção predial;99701,48;05/02/2021;30/05/2026;Ativo;;;
599;89;Twitternation;Serviço de Apoio (SOFT);415682,67;01/08/2012;29/08/2027;Suspenso;;;
331;527;Gabtype;Segurança Patrimonial;481003,71;10/05/2007;18/06/2027;Suspenso;;;
426;844;Cogibox;Serviço de Apoio (SOFT);4924,60;10/12/2013;15/07/2026;Ativo;;;
494;15;Rhynyx;Segurança Patrimonial;316748,48;06/01/2014;24/10/2026;Cancelado;;;
963;382;Jamia;Manutenção predial;88739,52;09/12/2023;07/06/2026;Suspenso;;;
649;289;Topiczoom;Limpeza e conservação;96959,68;14/11/2021;30/05/2027;Cancelado;;;
351;825;Feedmix;Jardinagem e Paisagismo;453535,85;24/07/2008;05/07/2026;Suspenso;;;
295;569;Eabox;Limpeza e conservação;392172,59;01/08/2013;08/01/2027;Cancelado;;;
194;109;Vipe;Limpeza e conservação;139841,20;09/10/2019;09/01/2026;Suspenso;;;
229;419;Edgeify;Limpeza e conservação;490209,08;28/10/2009;25/12/2026;Cancelado;;;
505;581;Zoonder;Manutenção predial;417649,22;13/07/2025;18/10/2026;Ativo;;;
75;212;Quimba;Manutenção predial;353057,94;09/12/2023;02/10/2026;Ativo;;;
323;388;Skidoo;Segurança Patrimonial;149807,52;02/08/2014;02/10/2027;Cancelado;;;
378;303;BlogXS;Jardinagem e Paisagismo;139518,02;13/05/2016;28/06/2027;Cancelado;;;
667;41;Livetube;Manutenção predial;208634,69;23/04/2010;16/09/2026;Suspenso;;;
51;148;Buzzdog;Manutenção predial;468029,28;14/12/2018;27/09/2027;Ativo;;;
307;965;Demizz;Segurança Patrimonial;66317,09;20/04/2011;22/05/2027;Suspenso;;;
477;229;Twimbo;Manutenção predial;451269,45;23/10/2024;12/06/2027;Suspenso;;;
124;310;Roomm;Segurança Patrimonial;404675,32;22/06/2015;07/08/2026;Cancelado;;;
183;518;Gigashots;Limpeza e conservação;89440,80;25/07/2023;11/09/2027;Ativo;;;
230;920;Realpoint;Limpeza e conservação;11387,27;18/02/2016;25/09/2027;Ativo;;;
675;741;Eadel;Jardinagem e Paisagismo;143665,39;02/01/2017;26/02/2027;Ativo;;;
2;38;Dazzlesphere;Manutenção predial;55116,59;21/04/2015;05/03/2026;Ativo;;;
431;985;Twimm;Manutenção predial;340231,25;06/04/2013;07/06/2026;Suspenso;;;
757;191;Zoombox;Jardinagem e Paisagismo;189777,44;24/05/2007;11/06/2026;Suspenso;;;
223;548;Tagchat;Limpeza e conservação;253665,20;01/10/2022;04/02/2026;Ativo;;;
165;630;Linkbridge;Manutenção predial;84386,99;30/06/2013;22/11/2025;Suspenso;;;
616;869;Zoomdog;Jardinagem e Paisagismo;103821,67;12/04/2020;22/09/2026;Cancelado;;;
860;577;Demivee;Serviço de Apoio (SOFT);260234,83;27/06/2020;04/02/2027;Ativo;;;
784;793;Fadeo;Segurança Patrimonial;340758,66;23/10/2017;09/07/2026;Cancelado;;;
374;31;Photobug;Serviço de Apoio (SOFT);167769,07;09/12/2010;12/08/2026;Ativo;;;
752;570;Eare;Segurança Patrimonial;477937,08;28/10/2014;17/03/2026;Cancelado;;;
851;968;Skyba;Limpeza e conservação;204898,23;04/08/2017;16/11/2026;Ativo;;;
313;619;Devpulse;Manutenção predial;182047,63;13/02/2020;21/03/2027;Ativo;;;
834;400;Lajo;Limpeza e conservação;499088,16;08/12/2023;08/09/2026;Cancelado;;;
473;106;Meevee;Limpeza e conservação;334661,33;28/05/2013;01/06/2027;Ativo;;;
443;843;Devpulse;Segurança Patrimonial;230403,99;18/06/2017;26/02/2027;Ativo;;;
870;196;Twitterbeat;Manutenção predial;450093,49;19/01/2007;09/11/2026;Cancelado;;;
199;23;Babblestorm;Limpeza e conservação;154652,94;06/04/2023;01/11/2025;Ativo;;;
912;282;Twitterbeat;Manutenção predial;130545,94;26/12/2019;16/07/2027;Cancelado;;;
224;178;Bubblebox;Segurança Patrimonial;327975,75;07/03/2016;10/09/2027;Suspenso;;;
756;282;Quatz;Limpeza e conservação;72848,96;13/11/2013;02/03/2027;Cancelado;;;
621;928;Browsezoom;Segurança Patrimonial;443671,04;04/02/2008;20/08/2026;Cancelado;;;
928;559;Ntags;Segurança Patrimonial;403273,93;06/03/2022;19/06/2026;Ativo;;;
370;3;Feedbug;Manutenção predial;72436,13;31/08/2013;16/02/2026;Ativo;;;
216;915;Babbleopia;Limpeza e conservação;5013,56;23/06/2012;02/08/2026;Ativo;;;
154;351;Roodel;Manutenção predial;299319,13;20/09/2020;25/03/2026;Suspenso;;;
256;396;Twitterlist;Manutenção predial;81581,65;28/01/2020;28/02/2026;Ativo;;;
508;389;Dazzlesphere;Manutenção predial;369974,67;27/10/2010;21/03/2026;Suspenso;;;
619;246;Skiptube;Manutenção predial;166641,11;07/10/2023;01/07/2027;Suspenso;;;
941;829;Zoomdog;Manutenção predial;154485,15;02/12/2007;09/02/2026;Cancelado;;;
238;112;Mita;Limpeza e conservação;223522,07;19/11/2021;03/02/2027;Suspenso;;;
6;950;Skaboo;Segurança Patrimonial;8651,38;04/01/2008;12/11/2026;Cancelado;;;
298;686;Skivee;Segurança Patrimonial;92481,89;05/12/2012;20/08/2027;Suspenso;;;
487;866;Twitterbeat;Limpeza e conservação;478887,73;26/10/2023;20/08/2026;Suspenso;;;
436;600;Photofeed;Jardinagem e Paisagismo;108212,33;05/10/2021;26/09/2026;Suspenso;;;
771;633;Gevee;Segurança Patrimonial;333372,73;25/11/2017;28/01/2027;Cancelado;;;
766;439;Skipstorm;Manutenção predial;477676,27;08/08/2020;20/04/2026;Ativo;;;
847;893;Shufflebeat;Segurança Patrimonial;201618,75;14/12/2019;05/07/2027;Cancelado;;;
870;309;Yoveo;Manutenção predial;115271,57;02/06/2024;09/05/2027;Cancelado;;;
811;570;Topiczoom;Limpeza e conservação;364360,64;22/08/2009;22/01/2026;Ativo;;;
535;57;Skimia;Jardinagem e Paisagismo;21193,92;25/01/2025;24/01/2026;Cancelado;;;
903;892;Feednation;Segurança Patrimonial;299634,57;15/03/2008;10/02/2027;Ativo;;;
92;558;Ainyx;Limpeza e conservação;49261,23;10/01/2008;21/09/2027;Suspenso;;;
508;221;Snaptags;Limpeza e conservação;148143,89;02/02/2025;06/11/2026;Suspenso;;;
525;971;Mudo;Manutenção predial;428855,62;02/07/2015;14/09/2027;Cancelado;;;
746;44;Oloo;Limpeza e conservação;210563,20;20/01/2010;30/12/2026;Cancelado;;;
102;965;Fivebridge;Manutenção predial;367818,45;05/11/2007;21/06/2026;Ativo;;;
841;366;Wikivu;Manutenção predial;305448,71;28/03/2017;17/07/2026;Ativo;;;
592;390;Yabox;Limpeza e conservação;444055,76;02/05/2025;09/05/2026;Suspenso;;;
474;673;Mudo;Serviço de Apoio (SOFT);335941,90;26/02/2019;24/11/2026;Ativo;;;
195;93;Skalith;Manutenção predial;306168,72;28/11/2023;27/10/2027;Suspenso;;;
106;104;Skyvu;Limpeza e conservação;139029,46;21/03/2021;20/04/2026;Suspenso;;;
1000;678;Blogspan;Manutenção predial;87819,58;18/11/2011;25/10/2026;Suspenso;;;
206;698;Divape;Manutenção predial;125660,20;23/10/2021;03/08/2027;Cancelado;;;
456;290;Digitube;Limpeza e conservação;162728,41;19/01/2017;24/06/2026;Cancelado;;;
20;596;Lajo;Manutenção predial;267591,15;13/09/2020;28/07/2026;Cancelado;;;
803;205;Brightdog;Limpeza e conservação;304720,68;17/10/2012;28/04/2026;Cancelado;;;
769;446;Divavu;Limpeza e conservação;138592,49;08/09/2008;22/05/2026;Suspenso;;;
298;44;Yambee;Limpeza e conservação;200321,96;23/02/2015;16/09/2026;Ativo;;;
482;149;Yakijo;Manutenção predial;158111,57;09/07/2017;13/09/2026;Cancelado;;;
317;512;InnoZ;Jardinagem e Paisagismo;198008,72;21/05/2025;09/10/2027;Cancelado;;;
324;190;Photofeed;Segurança Patrimonial;479343,07;30/12/2018;21/01/2026;Suspenso;;;
94;161;Flipbug;Segurança Patrimonial;267953,36;01/09/2013;16/06/2026;Suspenso;;;
562;942;Voonder;Manutenção predial;318010,19;18/09/2008;05/05/2027;Cancelado;;;
336;864;Flipopia;Manutenção predial;300879,94;08/07/2019;07/04/2026;Ativo;;;
172;582;Dabtype;Serviço de Apoio (SOFT);297999,36;18/09/2015;12/05/2026;Ativo;;;
78;864;Topdrive;Segurança Patrimonial;181402,05;18/02/2015;02/05/2026;Cancelado;;;
89;620;Wikido;Limpeza e conservação;48304,83;21/09/2019;04/07/2026;Suspenso;;;
859;465;Yozio;Manutenção predial;189619,51;28/04/2025;04/04/2027;Ativo;;;
790;441;Linktype;Limpeza e conservação;414408,36;18/07/2018;25/01/2026;Cancelado;;;
868;329;Mynte;Manutenção predial;249241,32;24/08/2010;08/10/2027;Cancelado;;;
911;119;Topicblab;Limpeza e conservação;186808,63;07/06/2008;20/05/2027;Suspenso;;;
609;618;Mita;Segurança Patrimonial;408144,69;11/10/2016;08/01/2027;Suspenso;;;
64;420;Voonte;Limpeza e conservação;75531,92;19/05/2021;23/08/2027;Suspenso;;;
464;556;Voonder;Manutenção predial;331204,26;01/12/2021;22/12/2025;Ativo;;;
799;194;Quaxo;Manutenção predial;443784,57;02/05/2025;01/03/2027;Suspenso;;;
963;111;Vinder;Manutenção predial;496538,47;27/01/2012;11/08/2026;Cancelado;;;
915;653;Centizu;Manutenção predial;200305,42;19/06/2017;16/04/2026;Suspenso;;;
23;819;Browsebug;Segurança Patrimonial;316760,43;18/12/2021;14/02/2027;Suspenso;;;
223;18;Oyoyo;Limpeza e conservação;57606,04;23/09/2021;20/01/2026;Suspenso;;;
479;970;Twitterlist;Manutenção predial;280058,86;01/08/2023;16/02/2026;Suspenso;;;
501;22;Miboo;Limpeza e conservação;100932,60;04/02/2022;10/04/2027;Suspenso;;;
562;706;Youspan;Jardinagem e Paisagismo;412396,22;11/12/2007;13/09/2027;Cancelado;;;
466;539;Twimbo;Serviço de Apoio (SOFT);171418,87;24/12/2018;23/07/2026;Cancelado;;;
878;544;Tagchat;Manutenção predial;48268,53;09/11/2011;23/02/2027;Ativo;;;
767;937;Izio;Segurança Patrimonial;328594,25;13/06/2019;03/06/2027;Cancelado;;;
660;301;Rhyloo;Limpeza e conservação;200100,96;21/01/2019;13/07/2027;Suspenso;;;
855;791;Zoomcast;Manutenção predial;418953,19;30/03/2007;27/09/2027;Suspenso;;;
6;568;Fivespan;Limpeza e conservação;421776,93;13/02/2012;29/01/2027;Cancelado;;;
877;980;Fivechat;Segurança Patrimonial;424963,09;24/12/2020;07/05/2027;Cancelado;;;
454;541;Topiczoom;Segurança Patrimonial;427505,91;22/09/2009;17/05/2026;Ativo;;;
927;766;Voomm;Limpeza e conservação;323874,46;24/06/2015;13/11/2026;Cancelado;;;
694;766;Eamia;Jardinagem e Paisagismo;402167,19;23/12/2013;26/12/2025;Ativo;;;
751;102;Browseblab;Limpeza e conservação;454095,23;09/03/2015;10/09/2026;Suspenso;;;
343;844;Jabbertype;Manutenção predial;262976,83;23/12/2010;06/12/2025;Cancelado;;;
624;390;Yakijo;Jardinagem e Paisagismo;303246,22;02/04/2016;22/12/2026;Ativo;;;
240;175;Kaymbo;Manutenção predial;34111,20;12/03/2025;08/04/2026;Cancelado;;;
411;546;Livetube;Segurança Patrimonial;38202,28;22/07/2014;09/11/2025;Suspenso;;;
640;159;Agimba;Segurança Patrimonial;242117,94;03/01/2021;18/01/2027;Suspenso;;;
417;936;Blogtags;Limpeza e conservação;73506,31;13/10/2013;06/12/2026;Ativo;;;
442;142;Wikido;Segurança Patrimonial;97877,45;09/05/2008;19/03/2026;Cancelado;;;
896;139;Brightdog;Segurança Patrimonial;476738,19;13/12/2013;05/04/2027;Cancelado;;;
13;69;Pixope;Segurança Patrimonial;190693,39;30/11/2012;18/04/2026;Suspenso;;;
816;770;Gabcube;Segurança Patrimonial;59395,44;12/08/2010;14/12/2025;Cancelado;;;
818;760;Yodel;Limpeza e conservação;53340,03;11/02/2015;14/05/2027;Ativo;;;
39;233;Geba;Limpeza e conservação;14762,59;27/02/2023;13/06/2026;Ativo;;;
835;4;Leexo;Segurança Patrimonial;63113,23;30/06/2018;07/04/2027;Ativo;;;
346;187;Rhycero;Manutenção predial;1845,57;09/04/2010;17/07/2026;Cancelado;;;
102;623;Skinix;Serviço de Apoio (SOFT);266309,06;31/07/2007;22/10/2026;Cancelado;;;
950;168;Buzzbean;Manutenção predial;42365,82;01/04/2022;10/07/2027;Ativo;;;
407;2;Yakidoo;Manutenção predial;287835,88;01/04/2025;18/05/2027;Ativo;;;
691;57;Digitube;Segurança Patrimonial;59857,09;25/01/2016;13/06/2026;Suspenso;;;
838;630;Twimm;Manutenção predial;198426,79;31/03/2015;20/05/2027;Ativo;;;
117;128;Ozu;Jardinagem e Paisagismo;373639,57;23/09/2018;21/10/2027;Suspenso;;;
940;908;Aivee;Serviço de Apoio (SOFT);374663,69;19/12/2018;01/08/2027;Suspenso;;;
934;572;Babbleset;Limpeza e conservação;32278,66;22/01/2025;16/07/2026;Ativo;;;
994;469;Photojam;Manutenção predial;104073,21;29/11/2010;14/04/2027;Ativo;;;
208;886;Vimbo;Segurança Patrimonial;411629,40;12/11/2015;17/06/2027;Cancelado;;;
595;826;Thoughtstorm;Segurança Patrimonial;454453,10;29/01/2018;21/10/2026;Suspenso;;;
83;620;Flipstorm;Segurança Patrimonial;200267,28;07/12/2009;21/11/2026;Cancelado;;;
33;893;Lazzy;Manutenção predial;240319,80;11/03/2019;04/04/2026;Cancelado;;;
266;569;Skinte;Limpeza e conservação;85634,85;25/09/2022;05/06/2026;Suspenso;;;
753;960;Miboo;Manutenção predial;112403,05;11/12/2018;26/08/2026;Cancelado;;;
778;830;Quimm;Limpeza e conservação;156493,47;06/05/2024;02/07/2027;Suspenso;;;
783;252;Kare;Jardinagem e Paisagismo;373835,09;08/08/2020;07/01/2027;Cancelado;;;
152;919;Muxo;Limpeza e conservação;245283,40;21/02/2011;19/04/2026;Ativo;;;
867;154;Photojam;Jardinagem e Paisagismo;361891,95;08/11/2012;30/11/2026;Suspenso;;;
54;189;Agimba;Segurança Patrimonial;373431,49;20/11/2008;24/05/2026;Suspenso;;;
571;957;Oyonder;Manutenção predial;125366,44;20/01/2025;23/01/2027;Cancelado;;;
149;763;Ainyx;Limpeza e conservação;65894,51;01/04/2009;05/02/2026;Suspenso;;;
994;688;Bluezoom;Manutenção predial;103299,42;25/03/2023;09/02/2026;Cancelado;;;
987;835;Skynoodle;Limpeza e conservação;266254,50;24/08/2010;15/01/2026;Suspenso;;;
690;145;Oyope;Jardinagem e Paisagismo;389573,15;04/10/2016;07/07/2027;Cancelado;;;
386;776;Youtags;Limpeza e conservação;163684,30;26/07/2025;10/07/2026;Suspenso;;;
341;843;Wikido;Limpeza e conservação;258007,98;28/06/2025;14/10/2027;Cancelado;;;
38;855;Thoughtstorm;Limpeza e conservação;373012,45;08/04/2013;28/05/2026;Cancelado;;;
467;371;Feedmix;Limpeza e conservação;199156,40;30/06/2018;04/07/2026;Suspenso;;;
403;921;Vidoo;Manutenção predial;248895,92;06/10/2018;10/10/2027;Cancelado;;;
739;734;Dazzlesphere;Manutenção predial;479480,43;27/07/2014;29/07/2027;Ativo;;;
742;557;Browsebug;Serviço de Apoio (SOFT);391684,04;05/11/2008;15/07/2027;Suspenso;;;
212;22;Teklist;Manutenção predial;447268,99;31/10/2010;07/02/2027;Ativo;;;
173;568;Demivee;Limpeza e conservação;260176,89;25/03/2008;18/12/2025;Ativo;;;
956;286;Rhybox;Limpeza e conservação;38520,87;14/09/2025;19/07/2026;Cancelado;;;
237;262;Muxo;Manutenção predial;9911,51;01/04/2022;14/10/2026;Cancelado;;;
736;500;Edgepulse;Limpeza e conservação;234283,59;08/02/2017;23/09/2027;Ativo;;;
756;492;Tagopia;Manutenção predial;286450,09;25/02/2017;23/07/2027;Ativo;;;
349;515;Flashspan;Jardinagem e Paisagismo;83613,39;04/11/2012;30/11/2025;Cancelado;;;
374;973;Trilia;Limpeza e conservação;43662,23;01/05/2008;24/03/2027;Suspenso;;;
149;10;Jabbercube;Limpeza e conservação;316904,64;03/10/2012;10/08/2027;Suspenso;;;
874;876;Meedoo;Limpeza e conservação;377049,93;24/03/2023;06/11/2025;Ativo;;;
534;187;Leenti;Jardinagem e Paisagismo;363550,93;19/09/2019;29/04/2026;Ativo;;;
766;78;Eadel;Segurança Patrimonial;209643,68;28/08/2013;18/08/2027;Suspenso;;;
24;52;Skimia;Manutenção predial;384282,70;07/11/2021;04/03/2026;Cancelado;;;
804;850;Tanoodle;Manutenção predial;443302,04;04/01/2017;01/12/2025;Ativo;;;
190;876;Yacero;Jardinagem e Paisagismo;301875,38;10/01/2023;15/08/2027;Suspenso;;;
820;967;Dabjam;Limpeza e conservação;318655,52;12/01/2015;01/02/2027;Ativo;;;
722;294;Snaptags;Segurança Patrimonial;47323,84;14/04/2011;16/10/2027;Ativo;;;
623;563;Twiyo;Limpeza e conservação;297220,70;19/03/2007;01/04/2027;Suspenso;;;
422;736;Skajo;Serviço de Apoio (SOFT);24682,95;18/04/2023;08/12/2026;Ativo;;;
442;947;Ainyx;Segurança Patrimonial;480382,59;30/06/2016;18/09/2026;Ativo;;;
913;477;Youfeed;Limpeza e conservação;374784,31;28/07/2012;30/04/2026;Suspenso;;;
585;999;Livepath;Segurança Patrimonial;383936,33;25/03/2014;04/09/2026;Ativo;;;
479;868;Rooxo;Limpeza e conservação;409537,37;13/10/2017;28/11/2026;Ativo;;;
192;354;Katz;Manutenção predial;458858,74;08/04/2010;05/07/2027;Cancelado;;;
999;142;Ainyx;Manutenção predial;75409,70;26/09/2022;02/03/2027;Ativo;;;
354;917;Quimba;Manutenção predial;106124,23;17/03/2019;22/01/2026;Cancelado;;;
687;404;Yabox;Limpeza e conservação;418936,17;06/12/2019;17/01/2027;Ativo;;;
869;966;Skidoo;Segurança Patrimonial;354656,37;24/06/2025;13/08/2027;Suspenso;;;
968;946;Gabtype;Segurança Patrimonial;169550,77;10/02/2019;25/10/2027;Ativo;;;
919;701;Aibox;Limpeza e conservação;455605,03;21/12/2020;30/12/2025;Suspenso;;;
926;427;Mydeo;Limpeza e conservação;156242,01;04/09/2023;19/03/2026;Cancelado;;;
597;944;Trunyx;Segurança Patrimonial;250682,08;31/10/2010;13/11/2025;Suspenso;;;
447;164;Meejo;Segurança Patrimonial;340760,83;26/03/2014;18/05/2026;Ativo;;;
721;308;Jazzy;Manutenção predial;308741,99;17/09/2015;18/04/2026;Cancelado;;;
439;755;Livetube;Manutenção predial;146437,20;07/10/2016;09/06/2027;Suspenso;;;
637;280;Dazzlesphere;Segurança Patrimonial;262741,01;01/01/2015;30/11/2026;Cancelado;;;
679;246;Youopia;Limpeza e conservação;188316,43;07/02/2022;06/01/2027;Suspenso;;;
1000;166;Youtags;Limpeza e conservação;292058,40;26/05/2018;17/09/2026;Suspenso;;;
462;269;Voonder;Manutenção predial;383900,41;10/10/2019;01/04/2026;Ativo;;;
225;300;Jetpulse;Manutenção predial;229616,69;27/11/2021;13/10/2027;Suspenso;;;
959;323;Browsebug;Limpeza e conservação;22281,74;03/07/2021;24/07/2027;Ativo;;;
225;69;Jabbercube;Limpeza e conservação;102422,51;19/09/2022;31/07/2026;Cancelado;;;
418;569;Shufflester;Limpeza e conservação;337199,38;03/06/2011;23/03/2027;Suspenso;;;
532;447;Oyondu;Jardinagem e Paisagismo;328610,21;19/12/2022;16/08/2027;Ativo;;;
147;193;Yozio;Limpeza e conservação;302495,83;18/11/2015;25/04/2027;Cancelado;;;
793;633;Lazz;Limpeza e conservação;425108,27;01/11/2010;23/03/2027;Suspenso;;;
710;957;Blogspan;Segurança Patrimonial;330571,50;14/05/2023;07/04/2027;Ativo;;;
421;623;Voomm;Serviço de Apoio (SOFT);366989,76;13/09/2013;15/06/2026;Ativo;;;
590;222;Meevee;Limpeza e conservação;139699,48;30/09/2023;11/06/2026;Cancelado;;;
336;167;Babblestorm;Serviço de Apoio (SOFT);76639,58;03/05/2014;10/08/2027;Cancelado;;;
896;546;Twitterbeat;Manutenção predial;448406,14;16/12/2018;23/07/2027;Suspenso;;;
893;787;Npath;Jardinagem e Paisagismo;185621,97;02/07/2013;21/06/2027;Cancelado;;;
325;186;Bubblebox;Manutenção predial;116018,16;19/09/2016;11/06/2026;Suspenso;;;
552;543;Vitz;Serviço de Apoio (SOFT);175231,92;23/04/2019;26/01/2027;Suspenso;;;
969;940;Skipfire;Limpeza e conservação;35437,03;02/03/2020;04/11/2026;Cancelado;;;
445;304;Feedfish;Limpeza e conservação;172904,93;18/01/2017;21/01/2027;Cancelado;;;
705;434;Gigaclub;Jardinagem e Paisagismo;325744,67;26/07/2016;03/03/2027;Ativo;;;
419;675;Kimia;Limpeza e conservação;29911,98;17/06/2018;31/01/2026;Suspenso;;;
488;748;Twimm;Manutenção predial;354217,18;31/07/2009;10/11/2025;Cancelado;;;
393;387;Topiclounge;Manutenção predial;227698,82;28/03/2011;22/04/2027;Ativo;;;
760;204;Youopia;Limpeza e conservação;57270,40;19/03/2011;13/04/2027;Suspenso;;;
809;50;Twitterlist;Limpeza e conservação;147277,44;02/10/2021;23/12/2026;Cancelado;;;
159;236;Blogtag;Segurança Patrimonial;454822,95;15/04/2008;05/04/2027;Ativo;;;
183;530;Ooba;Segurança Patrimonial;247088,98;25/05/2013;11/02/2027;Suspenso;;;
131;6;Wikido;Limpeza e conservação;85718,86;18/04/2022;25/06/2027;Ativo;;;
763;46;Twimbo;Segurança Patrimonial;4012,09;07/12/2017;16/10/2027;Ativo;;;
18;162;Browsetype;Manutenção predial;265013,08;23/03/2020;09/10/2027;Ativo;;;
734;304;Skinix;Segurança Patrimonial;427197,58;07/09/2022;05/11/2025;Cancelado;;;
12;738;Meevee;Jardinagem e Paisagismo;124358,81;01/01/2008;16/05/2027;Ativo;;;
407;525;Viva;Jardinagem e Paisagismo;15565,15;05/03/2017;18/03/2026;Suspenso;;;
308;188;Oyoba;Serviço de Apoio (SOFT);210433,86;12/10/2014;06/05/2026;Ativo;;;
693;25;InnoZ;Manutenção predial;204659,36;31/08/2011;13/06/2027;Cancelado;;;
866;310;Flashset;Limpeza e conservação;80586,83;02/03/2025;03/05/2027;Cancelado;;;
754;572;Rhyzio;Limpeza e conservação;403749,20;30/03/2008;07/09/2027;Cancelado;;;
251;997;Wikibox;Limpeza e conservação;109176,66;03/08/2025;09/03/2026;Ativo;;;
80;861;Demizz;Serviço de Apoio (SOFT);110376,58;05/08/2017;16/04/2027;Suspenso;;;
364;435;Dazzlesphere;Serviço de Apoio (SOFT);351838,38;02/03/2015;25/02/2026;Suspenso;;;
153;655;Jetpulse;Limpeza e conservação;284564,80;16/05/2016;22/06/2027;Suspenso;;;
630;314;Quire;Manutenção predial;467947,11;15/08/2020;25/10/2027;Suspenso;;;
355;38;Layo;Manutenção predial;72549,38;12/08/2021;30/01/2026;Cancelado;;;
601;970;Eayo;Limpeza e conservação;236828,16;24/02/2011;09/08/2026;Ativo;;;
216;578;Tagopia;Limpeza e conservação;467806,54;13/03/2019;24/04/2026;Suspenso;;;
860;893;Teklist;Manutenção predial;103531,22;25/08/2017;28/08/2026;Ativo;;;
55;807;Voolith;Manutenção predial;432057,45;23/11/2017;27/02/2027;Suspenso;;;
729;702;Bubbletube;Segurança Patrimonial;82797,73;20/11/2009;06/06/2027;Cancelado;;;
464;422;Avamm;Manutenção predial;63898,70;27/08/2008;08/01/2027;Suspenso;;;
882;626;Buzzster;Jardinagem e Paisagismo;86012,94;11/07/2012;24/07/2027;Suspenso;;;
658;677;Fanoodle;Limpeza e conservação;395259,66;23/05/2017;11/09/2026;Cancelado;;;
755;755;Twiyo;Limpeza e conservação;291370,32;01/09/2023;02/02/2026;Cancelado;;;
13;815;Meembee;Segurança Patrimonial;145951,81;03/09/2023;11/02/2027;Cancelado;;;
287;936;Skyba;Manutenção predial;287162,89;12/04/2019;23/12/2026;Ativo;;;
124;119;Ozu;Jardinagem e Paisagismo;75099,82;10/02/2009;04/01/2026;Cancelado;;;
221;340;Blogtags;Manutenção predial;480921,30;12/07/2009;07/12/2026;Suspenso;;;
704;357;Meemm;Limpeza e conservação;228246,46;28/04/2011;20/08/2026;Cancelado;;;
257;561;Jaxbean;Manutenção predial;247999,90;04/07/2014;20/12/2025;Ativo;;;
418;820;Riffwire;Jardinagem e Paisagismo;137935,78;26/10/2023;29/10/2026;Cancelado;;;
571;136;Feedbug;Limpeza e conservação;457247,18;14/02/2022;24/11/2026;Suspenso;;;
668;523;Feedmix;Limpeza e conservação;92657,42;26/10/2022;03/06/2027;Ativo;;;
628;149;Geba;Limpeza e conservação;350257,54;30/01/2009;07/09/2026;Suspenso;;;
92;31;Edgeify;Limpeza e conservação;160730,71;26/03/2013;29/10/2025;Ativo;;;
603;638;Blogtags;Jardinagem e Paisagismo;311705,87;26/05/2015;04/02/2027;Ativo;;;
327;391;Omba;Manutenção predial;29397,33;26/02/2017;28/06/2026;Ativo;;;
174;400;Linkbuzz;Jardinagem e Paisagismo;420363,81;23/03/2013;09/09/2027;Ativo;;;
500;965;Lazz;Manutenção predial;210508,41;30/05/2010;26/08/2027;Cancelado;;;
633;383;Twinder;Limpeza e conservação;171671,41;25/02/2017;12/01/2027;Suspenso;;;
650;487;Oodoo;Limpeza e conservação;341527,09;09/07/2022;08/07/2026;Cancelado;;;
81;635;Gabspot;Segurança Patrimonial;470583,33;16/07/2010;10/07/2027;Cancelado;;;
972;63;Jaxbean;Serviço de Apoio (SOFT);46043,51;31/03/2020;01/10/2026;Ativo;;;
559;539;Minyx;Segurança Patrimonial;110466,45;03/11/2020;09/12/2026;Cancelado;;;
530;803;Wordify;Manutenção predial;447359,72;20/07/2013;23/11/2026;Cancelado;;;
393;812;Einti;Limpeza e conservação;175397,96;25/04/2015;11/03/2026;Cancelado;;;
168;53;Trilith;Segurança Patrimonial;27092,38;15/03/2023;21/10/2027;Cancelado;;;
807;244;Mynte;Manutenção predial;245380,66;15/06/2023;04/02/2027;Ativo;;;
283;352;Eabox;Limpeza e conservação;207544,51;15/08/2025;06/05/2026;Ativo;;;
230;284;Eazzy;Manutenção predial;57825,86;09/06/2024;11/02/2027;Suspenso;;;
857;798;Wordtune;Serviço de Apoio (SOFT);326392,85;20/12/2015;26/03/2026;Ativo;;;
370;78;Bluezoom;Manutenção predial;320032,33;02/02/2015;14/11/2026;Cancelado;;;
687;36;Kwimbee;Manutenção predial;255418,26;08/03/2012;21/03/2027;Cancelado;;;
4;328;Feedbug;Segurança Patrimonial;22381,38;11/04/2013;13/02/2026;Cancelado;;;
526;634;Photobug;Serviço de Apoio (SOFT);237919,87;25/12/2007;17/03/2027;Cancelado;;;
272;849;Topiclounge;Manutenção predial;52151,05;26/02/2023;13/08/2026;Ativo;;;
160;958;Demivee;Limpeza e conservação;137422,76;08/11/2012;21/04/2026;Ativo;;;
617;295;Trilith;Segurança Patrimonial;132563,40;12/05/2024;11/02/2027;Suspenso;;;
325;712;Latz;Limpeza e conservação;277248,08;14/08/2012;12/10/2027;Suspenso;;;
858;661;Trunyx;Limpeza e conservação;384964,68;29/10/2020;25/06/2027;Cancelado;;;
606;64;Topicshots;Serviço de Apoio (SOFT);205580,66;12/10/2012;12/05/2027;Suspenso;;;
12;832;Zoombox;Limpeza e conservação;8791,58;24/05/2023;14/01/2026;Cancelado;;;
980;68;Topiczoom;Limpeza e conservação;159673,05;18/09/2007;28/01/2026;Suspenso;;;
958;908;Eire;Limpeza e conservação;386433,83;18/04/2021;03/09/2026;Cancelado;;;
72;900;Jatri;Limpeza e conservação;61150,53;22/08/2013;28/03/2027;Suspenso;;;
39;903;Muxo;Manutenção predial;413302,31;25/07/2024;12/09/2027;Cancelado;;;
675;63;Tagchat;Jardinagem e Paisagismo;154890,36;25/01/2022;19/04/2027;Ativo;;;
272;533;Tagcat;Manutenção predial;448878,21;14/04/2024;06/09/2027;Ativo;;;
478;267;Kayveo;Limpeza e conservação;371138,98;12/10/2008;13/10/2026;Cancelado;;;
554;435;Skipstorm;Serviço de Apoio (SOFT);399916,81;06/12/2016;23/05/2027;Ativo;;;
761;29;Skinte;Limpeza e conservação;24153,08;25/08/2007;09/01/2026;Cancelado;;;
173;292;Pixoboo;Segurança Patrimonial;347897,97;23/03/2011;19/01/2026;Ativo;;;
861;121;Photolist;Limpeza e conservação;467239,06;09/06/2025;18/01/2027;Cancelado;;;
145;2;Wordware;Segurança Patrimonial;101149,72;04/10/2008;01/07/2026;Suspenso;;;
785;842;Trilia;Manutenção predial;245527,45;10/04/2023;03/12/2025;Suspenso;;;
290;885;Zazio;Manutenção predial;35652,93;12/09/2022;08/11/2025;Ativo;;;
634;908;Youopia;Manutenção predial;316629,10;23/03/2019;14/01/2026;Cancelado;;;
174;387;Zoomzone;Jardinagem e Paisagismo;179839,67;30/04/2019;09/06/2027;Ativo;;;
376;969;Shuffletag;Limpeza e conservação;335824,51;24/03/2009;01/05/2026;Ativo;;;
744;201;Npath;Manutenção predial;410900,84;04/09/2009;04/03/2026;Cancelado;;;
928;705;Pixope;Limpeza e conservação;215661,90;25/06/2020;11/02/2027;Ativo;;;
94;113;Kazu;Manutenção predial;14145,95;27/02/2011;05/02/2027;Cancelado;;;
651;545;Demivee;Manutenção predial;417130,46;13/03/2012;15/04/2027;Suspenso;;;
973;536;Meevee;Limpeza e conservação;454879,12;19/10/2019;21/10/2026;Suspenso;;;
215;188;Bluejam;Manutenção predial;235217,27;16/09/2009;18/05/2027;Cancelado;;;
851;662;Gevee;Serviço de Apoio (SOFT);156039,19;10/06/2010;28/06/2026;Cancelado;;;
56;955;Jaloo;Manutenção predial;388468,16;24/05/2015;27/12/2025;Ativo;;;
490;900;Meezzy;Manutenção predial;29364,00;25/10/2012;12/10/2026;Suspenso;;;
227;897;Innotype;Limpeza e conservação;403534,70;20/03/2012;04/09/2026;Cancelado;;;
762;117;Brainsphere;Manutenção predial;435153,82;20/07/2018;10/12/2025;Cancelado;;;
587;537;Jayo;Limpeza e conservação;397082,03;22/07/2020;24/11/2025;Suspenso;;;
936;55;Einti;Manutenção predial;369021,42;28/06/2018;26/01/2026;Ativo;;;
922;815;Bubblebox;Manutenção predial;38533,84;19/07/2018;31/05/2026;Cancelado;;;
356;223;Realfire;Segurança Patrimonial;408169,52;06/12/2017;28/10/2027;Ativo;;;
492;567;Oyoba;Limpeza e conservação;72773,01;29/10/2013;21/05/2027;Ativo;;;
495;76;Tavu;Manutenção predial;224754,56;16/09/2011;22/02/2027;Ativo;;;
952;543;Topicware;Segurança Patrimonial;79209,69;26/05/2016;23/01/2026;Ativo;;;
668;470;Reallinks;Limpeza e conservação;167470,52;07/01/2021;26/08/2026;Ativo;;;
501;475;Zazio;Limpeza e conservação;52236,89;25/11/2007;18/03/2027;Ativo;;;
850;733;Skippad;Manutenção predial;279331,55;08/05/2021;08/08/2026;Cancelado;;;
705;742;Linkbridge;Jardinagem e Paisagismo;364863,77;21/01/2016;24/11/2026;Cancelado;;;
130;289;Viva;Limpeza e conservação;113570,16;25/09/2022;17/11/2026;Cancelado;;;
60;368;Photojam;Manutenção predial;287983,62;04/04/2023;11/07/2027;Ativo;;;
850;158;Realmix;Limpeza e conservação;367814,94;10/08/2020;08/10/2027;Suspenso;;;
169;691;Shuffletag;Manutenção predial;242095,07;10/02/2009;03/11/2026;Cancelado;;;
453;718;Vinte;Manutenção predial;116889,78;08/01/2019;14/08/2027;Suspenso;;;
985;544;Browsezoom;Limpeza e conservação;497228,74;01/11/2019;18/05/2027;Cancelado;;;
425;92;Quinu;Jardinagem e Paisagismo;396256,11;26/06/2018;06/10/2027;Cancelado;;;
840;372;Meeveo;Segurança Patrimonial;230416,73;05/05/2013;20/11/2026;Ativo;;;
386;192;Bluezoom;Manutenção predial;237637,94;03/10/2016;27/03/2026;Ativo;;;
729;400;Tagchat;Manutenção predial;266031,74;26/11/2011;23/08/2027;Ativo;;;
965;786;Kare;Segurança Patrimonial;46545,14;05/06/2024;15/12/2025;Cancelado;;;
3;115;Babbleblab;Limpeza e conservação;410214,90;08/02/2019;16/12/2025;Ativo;;;
478;953;Rhyloo;Limpeza e conservação;269718,81;26/11/2019;27/03/2026;Cancelado;;;
301;659;Photobug;Serviço de Apoio (SOFT);279213,04;08/06/2025;19/09/2026;Suspenso;;;
826;630;Eimbee;Jardinagem e Paisagismo;168676,53;11/08/2010;01/09/2026;Ativo;;;
45;972;Centimia;Limpeza e conservação;405753,51;13/02/2019;11/09/2027;Suspenso;;;
47;420;Quatz;Limpeza e conservação;243176,84;20/11/2021;16/05/2026;Suspenso;;;
1;392;Twitterwire;Limpeza e conservação;220910,38;01/09/2017;13/03/2027;Ativo;;;
830;817;Blogtags;Manutenção predial;160043,21;12/01/2022;11/05/2027;Cancelado;;;
474;520;Dabjam;Limpeza e conservação;300978,86;24/06/2017;03/10/2026;Cancelado;;;
225;301;Bubblemix;Manutenção predial;95765,00;26/03/2023;04/10/2026;Ativo;;;
644;445;Dynabox;Serviço de Apoio (SOFT);261774,60;05/04/2013;04/08/2027;Cancelado;;;
526;431;Eare;Segurança Patrimonial;441293,23;17/04/2008;25/10/2027;Suspenso;;;
720;937;Gabtype;Limpeza e conservação;483968,94;17/03/2018;01/03/2026;Ativo;;;
245;43;Pixonyx;Manutenção predial;188499,99;03/01/2021;04/05/2027;Cancelado;;;
940;653;Eire;Serviço de Apoio (SOFT);306891,78;01/02/2023;27/12/2025;Suspenso;;;
237;759;Brainverse;Limpeza e conservação;452520,36;18/02/2015;10/07/2027;Ativo;;;
882;411;Gabtype;Manutenção predial;342958,10;20/04/2011;17/12/2025;Cancelado;;;
883;617;Youfeed;Serviço de Apoio (SOFT);390675,80;23/08/2022;04/02/2026;Suspenso;;;
912;485;Ntag;Jardinagem e Paisagismo;48512,42;05/08/2011;12/08/2027;Cancelado;;;
129;688;Trunyx;Segurança Patrimonial;444411,06;06/11/2018;13/10/2027;Suspenso;;;
58;978;Skinte;Limpeza e conservação;211576,94;14/03/2020;26/12/2026;Cancelado;;;
693;802;Rooxo;Limpeza e conservação;142568,28;06/01/2018;26/12/2026;Cancelado;;;
139;596;Quamba;Segurança Patrimonial;245169,33;01/08/2021;08/09/2026;Suspenso;;;
297;766;Twiyo;Serviço de Apoio (SOFT);196692,80;27/12/2023;18/03/2026;Cancelado;;;
193;625;Buzzshare;Manutenção predial;152470,57;25/01/2023;09/04/2026;Cancelado;;;
661;628;Twimbo;Manutenção predial;356532,78;27/12/2015;09/12/2026;Ativo;;;
152;690;Tagopia;Manutenção predial;174686,48;24/04/2014;14/10/2026;Ativo;;;
680;373;Brainbox;Segurança Patrimonial;44199,68;10/05/2024;05/09/2026;Suspenso;;;
500;569;Photojam;Limpeza e conservação;110647,47;27/07/2015;31/05/2027;Suspenso;;;
809;141;Buzzdog;Limpeza e conservação;279016,22;19/07/2015;04/02/2026;Suspenso;;;
112;399;Realcube;Manutenção predial;410675,88;22/04/2025;24/10/2026;Ativo;;;
972;367;Dabtype;Serviço de Apoio (SOFT);243799,09;17/07/2011;22/06/2026;Suspenso;;;
512;123;Blognation;Manutenção predial;251579,87;12/09/2016;05/11/2025;Cancelado;;;
665;732;LiveZ;Jardinagem e Paisagismo;281987,26;14/02/2018;04/08/2027;Suspenso;;;
278;145;Voomm;Limpeza e conservação;70942,12;14/03/2015;11/09/2027;Suspenso;;;
377;413;Eidel;Segurança Patrimonial;41458,87;08/03/2017;18/02/2027;Ativo;;;
759;346;Edgewire;Manutenção predial;192726,42;01/03/2023;22/10/2027;Suspenso;;;
871;908;Kamba;Jardinagem e Paisagismo;31438,20;28/09/2019;08/01/2027;Cancelado;;;
891;186;Flashpoint;Limpeza e conservação;223215,30;09/03/2017;04/06/2027;Suspenso;;;
719;842;Photobug;Limpeza e conservação;76217,13;17/11/2008;03/08/2026;Ativo;;;
268;820;Buzzster;Limpeza e conservação;308282,00;04/05/2009;06/10/2027;Suspenso;;;
143;810;Eidel;Serviço de Apoio (SOFT);161363,11;19/09/2008;30/05/2027;Suspenso;;;
679;562;Kazu;Segurança Patrimonial;440900,31;01/10/2012;13/03/2027;Suspenso;;;
529;857;Quamba;Manutenção predial;210559,26;06/02/2023;12/06/2026;Suspenso;;;
388;748;Jabbersphere;Manutenção predial;196060,49;04/02/2012;06/06/2026;Cancelado;;;
536;564;Mudo;Jardinagem e Paisagismo;282600,45;07/04/2022;26/01/2026;Ativo;;;
275;365;Yozio;Manutenção predial;318437,16;08/08/2018;20/11/2026;Suspenso;;;
55;991;Skinte;Limpeza e conservação;275479,02;08/04/2009;12/05/2026;Cancelado;;;
340;169;Zoomcast;Jardinagem e Paisagismo;418283,07;05/06/2021;11/05/2027;Cancelado;;;
579;466;Innotype;Manutenção predial;68148,61;27/07/2016;31/08/2026;Cancelado;;;
701;437;Realmix;Segurança Patrimonial;287167,45;28/09/2011;01/08/2026;Ativo;;;
678;881;Skibox;Limpeza e conservação;153549,02;03/02/2011;07/02/2027;Ativo;;;
529;290;Rooxo;Limpeza e conservação;415354,64;27/04/2019;29/11/2025;Cancelado;;;
182;749;Divavu;Manutenção predial;489274,34;17/07/2021;22/07/2026;Suspenso;;;
393;101;Skiptube;Jardinagem e Paisagismo;303691,33;31/05/2011;04/02/2026;Cancelado;;;
426;348;Midel;Manutenção predial;488244,57;29/10/2009;08/05/2027;Suspenso;;;
758;418;Voomm;Jardinagem e Paisagismo;247085,84;08/11/2016;24/06/2026;Cancelado;;;
76;646;Oodoo;Manutenção predial;394731,90;14/10/2016;06/10/2027;Suspenso;;;
6;937;Reallinks;Manutenção predial;499341,13;10/01/2024;17/12/2026;Ativo;;;
142;772;JumpXS;Segurança Patrimonial;47972,95;08/11/2022;18/02/2027;Suspenso;;;
233;512;Omba;Jardinagem e Paisagismo;341542,76;29/06/2019;05/04/2027;Ativo;;;
210;164;Rhyzio;Jardinagem e Paisagismo;482872,57;26/08/2009;21/01/2027;Cancelado;;;
305;975;Kwilith;Segurança Patrimonial;25147,64;08/12/2010;02/10/2026;Ativo;;;
462;992;Mybuzz;Segurança Patrimonial;480048,50;29/05/2015;26/08/2026;Ativo;;;
288;847;Roodel;Manutenção predial;371114,62;10/01/2025;15/11/2026;Suspenso;;;
330;546;Wordtune;Manutenção predial;371288,09;14/10/2013;21/03/2027;Cancelado;;;
816;345;Voomm;Limpeza e conservação;426854,64;09/07/2018;23/11/2025;Suspenso;;;
627;835;Devcast;Manutenção predial;94526,85;18/11/2015;25/04/2026;Suspenso;;;
303;682;Oba;Manutenção predial;97587,88;05/11/2007;04/07/2027;Cancelado;;;
735;133;Reallinks;Limpeza e conservação;78079,40;20/10/2012;02/02/2027;Cancelado;;;
751;277;Shufflebeat;Manutenção predial;265837,75;13/03/2024;08/04/2026;Cancelado;;;
967;834;Katz;Limpeza e conservação;263505,63;19/07/2021;26/01/2027;Suspenso;;;
438;803;Avavee;Limpeza e conservação;119280,45;03/07/2019;22/01/2026;Ativo;;;
562;341;Oyoba;Manutenção predial;311761,54;21/12/2013;28/02/2027;Ativo;;;
659;922;Wikibox;Manutenção predial;230081,95;20/06/2024;10/06/2027;Ativo;;;
999;442;Nlounge;Manutenção predial;196464,82;14/07/2018;03/05/2026;Ativo;;;
277;630;Thoughtstorm;Serviço de Apoio (SOFT);23349,95;27/03/2007;15/08/2027;Suspenso;;;
423;903;Chatterbridge;Limpeza e conservação;178276,50;21/02/2013;09/05/2027;Ativo;;;
379;830;Flashdog;Manutenção predial;185791,09;29/10/2010;09/02/2026;Cancelado;;;
622;127;Twitternation;Jardinagem e Paisagismo;280823,64;28/01/2016;31/08/2026;Suspenso;;;
392;201;Plajo;Manutenção predial;30503,26;03/01/2024;05/10/2026;Cancelado;;;
771;843;Skipstorm;Manutenção predial;352800,56;08/10/2012;18/09/2027;Ativo;;;
285;79;Vinder;Limpeza e conservação;435230,00;15/10/2019;20/12/2025;Suspenso;;;
272;926;Quatz;Segurança Patrimonial;253206,76;25/01/2013;27/06/2026;Suspenso;;;
972;937;Buzzbean;Limpeza e conservação;338049,33;22/08/2019;05/12/2025;Ativo;;;
571;559;Babbleblab;Manutenção predial;406751,45;28/09/2024;13/06/2026;Cancelado;;;
450;513;Wordware;Manutenção predial;438242,16;12/11/2014;04/04/2027;Suspenso;;;
732;906;Devpoint;Limpeza e conservação;400834,68;06/07/2021;11/07/2027;Suspenso;;;
970;329;Zoomlounge;Manutenção predial;491039,02;11/05/2021;12/08/2027;Ativo;;;
210;654;Topdrive;Manutenção predial;414978,00;16/01/2016;10/02/2027;Suspenso;;;
96;486;Jaxspan;Segurança Patrimonial;386445,12;13/12/2009;07/05/2026;Suspenso;;;
542;445;Meemm;Segurança Patrimonial;402710,28;06/03/2018;30/10/2026;Cancelado;;;
451;65;Wikizz;Manutenção predial;356541,08;14/05/2013;18/07/2027;Suspenso;;;
78;744;Skippad;Manutenção predial;421330,87;10/03/2021;07/04/2026;Cancelado;;;
467;555;Quatz;Limpeza e conservação;237384,73;08/07/2011;05/01/2027;Cancelado;;;
257;638;Jabberbean;Limpeza e conservação;281431,65;13/10/2011;23/08/2027;Ativo;;;
518;211;Zoomcast;Jardinagem e Paisagismo;379016,81;14/05/2013;09/10/2026;Ativo;;;
119;601;Oba;Segurança Patrimonial;435493,66;29/11/2020;05/07/2027;Suspenso;;;
693;91;Avamm;Segurança Patrimonial;327963,31;11/05/2021;03/05/2027;Ativo;;;
537;596;Oodoo;Limpeza e conservação;144993,28;07/05/2017;12/03/2026;Suspenso;;;
397;285;Flipbug;Limpeza e conservação;85765,80;23/05/2010;11/09/2027;Cancelado;;;
199;343;Tagfeed;Limpeza e conservação;75663,87;27/04/2017;17/04/2026;Suspenso;;;
681;665;Quinu;Manutenção predial;329869,56;18/05/2014;11/09/2026;Ativo;;;
854;245;Blogtags;Manutenção predial;124513,14;12/11/2010;09/03/2027;Suspenso;;;
387;939;Zoomzone;Manutenção predial;342239,27;11/04/2014;26/05/2027;Suspenso;;;
216;298;Yodo;Manutenção predial;450999,33;11/12/2008;19/03/2026;Cancelado;;;
703;479;Quaxo;Manutenção predial;17321,01;25/03/2013;26/03/2026;Ativo;;;
100;209;Meevee;Limpeza e conservação;143634,74;05/01/2017;16/07/2026;Suspenso;;;
752;430;Jabberstorm;Limpeza e conservação;425104,72;15/10/2021;04/04/2026;Suspenso;;;
54;455;Youspan;Jardinagem e Paisagismo;211211,02;04/11/2009;17/03/2026;Suspenso;;;
246;405;Ntag;Manutenção predial;294248,04;10/03/2020;08/03/2026;Ativo;;;
770;317;Eayo;Manutenção predial;167266,97;16/09/2011;20/07/2027;Suspenso;;;
348;589;Zazio;Manutenção predial;339089,49;03/04/2014;12/07/2026;Ativo;;;
528;766;Linktype;Limpeza e conservação;167581,73;13/07/2024;17/01/2026;Cancelado;;;
340;177;Feedfire;Manutenção predial;237002,26;29/05/2020;04/09/2026;Cancelado;;;
886;249;Linktype;Segurança Patrimonial;15601,78;29/04/2016;05/12/2026;Suspenso;;;
689;51;Centimia;Limpeza e conservação;427927,34;12/11/2014;01/09/2027;Suspenso;;;
336;850;Twitterworks;Manutenção predial;295030,06;20/11/2016;09/08/2026;Ativo;;;
903;453;Feedspan;Limpeza e conservação;309016,82;01/09/2016;22/02/2026;Ativo;;;
223;86;Rhynoodle;Limpeza e conservação;334572,13;05/04/2022;19/04/2027;Ativo;;;
914;732;Quimba;Limpeza e conservação;203568,42;04/06/2025;17/01/2027;Suspenso;;;
530;897;Dynabox;Segurança Patrimonial;84154,86;11/03/2007;15/08/2026;Ativo;;;
29;661;Reallinks;Limpeza e conservação;475221,04;07/05/2025;14/11/2025;Suspenso;;;
658;137;Twitternation;Segurança Patrimonial;269257,03;26/09/2013;14/05/2027;Ativo;;;
14;359;Rhybox;Segurança Patrimonial;254394,56;06/07/2008;03/09/2026;Ativo;;;
325;351;Flipstorm;Jardinagem e Paisagismo;28221,64;23/09/2024;20/07/2026;Cancelado;;;
86;579;Feedfish;Limpeza e conservação;359273,67;20/03/2017;02/07/2026;Cancelado;;;
418;913;Dabshots;Manutenção predial;399194,97;24/11/2018;26/02/2027;Cancelado;;;
107;507;Feedspan;Limpeza e conservação;141302,48;12/11/2013;24/10/2027;Cancelado;;;
972;255;Kwideo;Manutenção predial;380464,42;15/03/2018;17/09/2027;Suspenso;;;
251;732;Twinder;Manutenção predial;99157,34;12/05/2017;14/09/2026;Ativo;;;
138;345;Roombo;Manutenção predial;154577,08;28/06/2025;08/06/2027;Ativo;;;
726;875;Oozz;Manutenção predial;159308,15;02/09/2024;23/04/2026;Ativo;;;
854;138;Demivee;Segurança Patrimonial;250890,69;27/08/2014;20/12/2025;Suspenso;;;
336;769;Bluezoom;Segurança Patrimonial;115281,97;24/02/2007;10/12/2025;Suspenso;;;
207;19;Tambee;Limpeza e conservação;143430,16;02/12/2022;12/06/2026;Ativo;;;
870;183;Trilith;Segurança Patrimonial;426369,47;08/08/2011;11/04/2026;Ativo;;;
791;143;Yodo;Manutenção predial;436683,88;03/12/2022;15/10/2026;Suspenso;;;
344;278;Realfire;Manutenção predial;30079,40;14/04/2010;10/05/2027;Suspenso;;;
822;678;Eire;Segurança Patrimonial;363442,50;20/02/2022;06/03/2027;Cancelado;;;
569;212;Mydeo;Manutenção predial;369928,92;13/11/2009;08/08/2027;Suspenso;;;
902;658;Topiczoom;Manutenção predial;404846,25;04/08/2017;21/12/2025;Suspenso;;;
828;11;Meedoo;Limpeza e conservação;180735,08;16/06/2010;20/12/2025;Cancelado;;;
360;19;Katz;Limpeza e conservação;214401,89;04/08/2020;25/12/2025;Cancelado;;;
527;153;Katz;Limpeza e conservação;298271,05;02/04/2025;24/09/2026;Ativo;;;
23;985;Devcast;Manutenção predial;417507,19;20/03/2023;30/05/2027;Ativo;;;
626;547;Oyoloo;Manutenção predial;114724,56;20/12/2010;09/10/2026;Cancelado;;;
105;821;Flashdog;Manutenção predial;186365,60;13/08/2011;05/04/2027;Ativo;;;
841;3;Twitterlist;Serviço de Apoio (SOFT);455280,77;07/02/2013;25/08/2027;Suspenso;;;
590;669;Skaboo;Segurança Patrimonial;341885,54;02/03/2025;30/07/2027;Ativo;;;
689;727;Divape;Manutenção predial;370363,88;16/06/2017;25/08/2027;Ativo;;;
376;716;Jabbersphere;Manutenção predial;407206,56;15/03/2024;11/06/2027;Suspenso;;;
810;315;Devpoint;Serviço de Apoio (SOFT);172335,10;16/05/2017;31/01/2027;Cancelado;;;
699;536;Divape;Limpeza e conservação;352407,26;23/08/2017;03/12/2026;Cancelado;;;
693;477;Photospace;Jardinagem e Paisagismo;207480,48;23/02/2008;11/11/2025;Suspenso;;;
801;115;Fivebridge;Limpeza e conservação;388434,84;25/06/2024;05/12/2026;Cancelado;;;
448;442;Zoomzone;Segurança Patrimonial;75694,70;23/03/2008;18/01/2027;Ativo;;;
976;878;Eabox;Segurança Patrimonial;473372,41;22/04/2009;17/05/2027;Cancelado;;;
159;837;Oozz;Limpeza e conservação;27572,50;01/08/2010;06/04/2027;Cancelado;;;
784;384;Thoughtbeat;Jardinagem e Paisagismo;403547,84;27/01/2023;08/10/2026;Cancelado;;;
930;101;Avavee;Jardinagem e Paisagismo;361105,97;08/09/2025;20/12/2025;Ativo;;;
772;775;Roodel;Segurança Patrimonial;67790,01;29/04/2012;22/06/2026;Ativo;;;
62;180;Youopia;Segurança Patrimonial;441332,28;24/03/2017;18/02/2026;Ativo;;;
622;33;Mudo;Limpeza e conservação;398986,28;23/02/2025;01/07/2027;Ativo;;;
57;40;Teklist;Manutenção predial;300885,25;24/05/2013;25/02/2026;Cancelado;;;
845;181;Flipopia;Limpeza e conservação;210877,70;03/05/2019;23/02/2026;Ativo;;;
172;871;Roodel;Limpeza e conservação;199398,40;08/02/2025;19/04/2026;Ativo;;;
651;843;Rhyloo;Segurança Patrimonial;249511,88;30/10/2007;24/10/2026;Suspenso;;;
