ID_Alocacao,ID_Colaborador,ID_Contrato,Tipo_Alocacao,Data_Inicio_Alocacao,Supervisor_Direto
1,72,87,Meio Período,11/30/2022,Mariel Degan
2,31,40,Reserva.,3/3/2023,Elyn Shovelin
3,75,89,Meio Período,1/16/2021,Martha Abercrombie
4,65,78,Reserva.,8/26/2025,Corrine Dellow
5,81,81,Tempo Integral,6/25/2022,Markos Mordan
6,92,21,Tempo Integral,7/15/2024,Zarah Conway
7,17,15,Meio Período,7/5/2024,Astrid Budd
8,87,39,Tempo Integral,9/13/2022,Giordano MacSkeaghan
9,11,47,Reserva.,7/27/2023,Samuel Caughey
10,80,84,Meio Período,3/23/2022,Art Croix
11,82,71,Reserva.,1/7/2021,Margeaux Roels
12,46,21,Reserva.,8/28/2023,Chelsae Hellard
13,33,51,Tempo Integral,5/8/2025,Lillis Pitkeathley
14,34,2,Tempo Integral,10/4/2025,Neile Dunphie
15,40,55,Reserva.,4/24/2025,Hanny Goldsberry
16,83,48,Meio Período,8/1/2023,Olympie Chipp
17,47,49,Meio Período,7/5/2022,Rycca Cheavin
18,100,22,Meio Período,7/24/2023,Fredia Fennessy
19,88,18,Reserva.,1/19/2022,Bonnibelle Tungate
20,18,4,Tempo Integral,2/1/2025,Elenore Spittal
21,87,47,Reserva.,7/4/2024,Flor Kenson
22,66,94,Meio Período,3/31/2023,Arney MacSkeagan
23,74,36,Tempo Integral,10/24/2024,Dew Carbin
24,68,97,Tempo Integral,9/24/2024,Derick Cumo
25,15,100,Tempo Integral,8/16/2021,Nilson Hubbocks
26,51,74,Reserva.,8/6/2023,Arly Iacomettii
27,55,42,Meio Período,8/4/2025,Jacinta Fitzgerald
28,20,84,Reserva.,5/28/2024,Ber Matchitt
29,41,67,Reserva.,10/1/2025,Forrester Delicate
30,22,42,Reserva.,4/8/2022,Monah Beazleigh
31,79,89,Reserva.,2/1/2023,Huntley Beaze
32,74,56,Tempo Integral,7/24/2022,Pam Lavarack
33,74,10,Meio Período,3/15/2024,Judy Siggee
34,62,96,Meio Período,11/7/2020,Court Hagan
35,91,29,Meio Período,10/22/2021,Munroe Deinhardt
36,75,14,Tempo Integral,5/23/2022,Carola Spawton
37,64,48,Reserva.,6/3/2021,Tybie Schettini
38,48,48,Meio Período,3/1/2024,Revkah Glendenning
39,63,62,Tempo Integral,4/15/2022,Thia Slinger
40,82,89,Tempo Integral,7/16/2025,Rik Arrault
41,32,75,Reserva.,7/9/2024,Trevor Korpolak
42,60,19,Meio Período,4/28/2024,Rochette Espasa
43,26,77,Meio Período,3/28/2021,Anatole Drife
44,55,91,Reserva.,3/25/2022,Michelina Dudding
45,87,96,Meio Período,8/12/2021,Jojo Voelker
46,22,12,Meio Período,10/22/2024,Courtnay O'Fihily
47,11,68,Reserva.,7/20/2021,Shanan Ketcher
48,8,28,Reserva.,11/30/2024,Fonzie Mayall
49,71,89,Reserva.,9/16/2022,Rora Whiten
50,32,66,Tempo Integral,7/18/2021,Ludvig Quilligan
51,82,31,Reserva.,1/2/2024,Vivian Ranns
52,94,58,Meio Período,8/26/2022,Rozalie Tower
53,27,73,Meio Período,11/7/2021,Tyne Pretsel
54,28,99,Reserva.,2/22/2021,Eben Chrystie
55,67,81,Reserva.,10/11/2022,Kinna Wardell
56,25,88,Reserva.,10/24/2021,Gan Matyasik
57,54,11,Tempo Integral,5/2/2021,Cynde Dumbarton
58,10,5,Meio Período,11/8/2020,Marybelle Poulsen
59,20,29,Reserva.,6/6/2022,Koral Gockeler
60,91,27,Meio Período,5/27/2023,Cherida Fulep
61,32,87,Meio Período,6/29/2025,Aubree Fountaine
62,16,8,Meio Período,2/14/2021,Dallas Loosemore
63,66,80,Tempo Integral,5/26/2024,Othilia Sambiedge
64,20,57,Reserva.,2/26/2023,Barnebas Colcomb
65,21,17,Reserva.,8/16/2021,Mufi Debow
66,39,62,Tempo Integral,10/10/2024,Cesar Minguet
67,39,95,Tempo Integral,8/22/2023,Art Proughten
68,73,56,Meio Período,4/6/2025,Claudine Gilbane
69,85,54,Meio Período,1/16/2022,Kristos Kleynermans
70,100,3,Tempo Integral,6/10/2025,Jordan Dosdale
71,15,81,Reserva.,12/12/2024,Kimberlyn Mille
72,80,69,Meio Período,7/26/2021,Brennan Behagg
73,44,48,Meio Período,8/22/2021,Rickie Dumigan
74,6,11,Reserva.,8/4/2023,Niall Ridpath
75,80,23,Meio Período,6/3/2025,Addison Reynalds
76,35,62,Tempo Integral,5/4/2022,Reinhold Roust
77,25,67,Tempo Integral,11/22/2021,Luther Knudsen
78,21,99,Tempo Integral,5/1/2022,Greer Northey
79,19,61,Meio Período,8/3/2025,Allina Isacq
80,68,14,Tempo Integral,9/10/2021,Lizbeth Cradey
81,1,79,Reserva.,1/31/2022,Jedediah Gostick
82,11,6,Meio Período,10/11/2025,Valida McCullum
83,6,3,Reserva.,12/14/2023,Felecia Conyard
84,2,49,Meio Período,6/8/2024,Stefania Pietasch
85,51,66,Tempo Integral,7/18/2024,Constantia Titta
86,44,70,Tempo Integral,9/25/2021,Karel Newtown
87,81,18,Meio Período,2/14/2023,Bradley Bottrill
88,29,31,Meio Período,4/29/2024,Tedie Warry
89,42,29,Reserva.,4/6/2025,Cayla Krolman
90,87,41,Tempo Integral,6/19/2023,Lauren Menel
91,75,69,Reserva.,3/27/2021,Roanna Stitwell
92,30,82,Meio Período,12/24/2024,Caspar Muffen
93,50,90,Reserva.,3/29/2024,Cele Deuss
94,51,54,Reserva.,8/10/2022,Rebecka Jacqueminot
95,34,22,Tempo Integral,1/16/2021,Glynnis Aiskovitch
96,4,45,Reserva.,1/31/2021,Monty McInteer
97,97,97,Tempo Integral,8/31/2021,Carin Zotto
98,6,60,Meio Período,5/7/2023,Town Torfin
99,33,49,Tempo Integral,6/9/2024,Erin Desport
100,78,74,Reserva.,6/24/2024,Land Cicchitello
101,46,82,Tempo Integral,11/5/2021,Liana Canas
102,44,1,Tempo Integral,3/16/2021,Silvana Wilkenson
103,51,49,Reserva.,11/20/2022,Bartel Glawsop
104,9,53,Meio Período,1/10/2023,Quincey Timmis
105,1,7,Meio Período,8/6/2022,Merla Cheeney
106,66,1,Meio Período,1/11/2022,Odey Barnard
107,78,15,Tempo Integral,12/22/2022,Irvine Hauxwell
108,54,42,Tempo Integral,3/1/2025,Stavros Kimbling
109,80,18,Reserva.,8/6/2024,Trix Deschlein
110,62,52,Tempo Integral,1/22/2022,Jorey Say
111,41,95,Tempo Integral,7/7/2021,Johann Vannozzii
112,46,50,Meio Período,10/31/2024,Storm Alfonsetti
113,12,73,Meio Período,5/7/2025,Riccardo Ledner
114,94,49,Meio Período,10/10/2025,Andee Niccols
115,97,51,Meio Período,3/26/2022,Nolly Golthorpp
116,46,5,Tempo Integral,12/14/2020,Gerrie Verdy
117,68,7,Reserva.,10/14/2024,Valerie Conre
118,62,79,Reserva.,1/7/2025,Philippine Aldritt
119,33,76,Meio Período,4/16/2021,Rivy Bidmead
120,4,52,Tempo Integral,10/2/2022,Joann Gilluley
121,92,96,Meio Período,4/21/2022,Anastassia Pavlovic
122,68,23,Reserva.,6/24/2025,Essa Arnley
123,32,65,Reserva.,7/19/2025,Terrel Heinschke
124,64,13,Meio Período,10/19/2025,Lazarus McEneny
125,44,28,Reserva.,10/22/2024,Demetrius Eilhersen
126,85,16,Meio Período,5/13/2025,Jemima Rottger
127,21,100,Reserva.,7/21/2023,Addie Aleavy
128,45,30,Meio Período,7/30/2024,Saraann Kirkbride
129,36,8,Meio Período,6/14/2022,Cointon Stacy
130,60,76,Reserva.,10/26/2022,Vivianne Bartelet
131,28,51,Reserva.,3/1/2025,Kerri Ventum
132,87,27,Tempo Integral,4/24/2023,Roz Banbrook
133,61,28,Tempo Integral,8/29/2024,Brynna Cyphus
134,4,36,Tempo Integral,8/31/2023,Letty Donnachie
135,100,30,Tempo Integral,9/3/2024,Armando Snoxill
136,59,77,Meio Período,9/9/2021,Dacy Maffei
137,59,56,Reserva.,5/25/2021,Jefferson Muino
138,61,98,Tempo Integral,12/5/2020,Carolee Pratchett
139,63,64,Meio Período,7/29/2023,Shea Luter
140,95,27,Meio Período,9/16/2021,Jsandye Skpsey
141,45,48,Tempo Integral,7/17/2021,Pearl McArthur
142,39,98,Reserva.,3/25/2021,Cherey Gomersal
143,68,75,Reserva.,4/8/2021,Louie Klimas
144,56,99,Meio Período,8/28/2021,Margret O'Dennehy
145,71,28,Reserva.,8/29/2025,Marlene Lokier
146,87,69,Tempo Integral,7/23/2025,Yves Duetsche
147,76,33,Tempo Integral,9/11/2021,Jimmie Gerardet
148,19,31,Reserva.,12/20/2023,Cort Beardall
149,14,87,Meio Período,1/4/2024,Lisle Whopples
150,80,39,Reserva.,10/20/2024,Darby Ellerman
151,10,23,Meio Período,3/15/2021,Armand Williams
152,38,8,Meio Período,7/12/2024,Nikki Merrgan
153,100,60,Reserva.,6/19/2023,Wallis Bettleson
154,84,6,Meio Período,2/22/2022,Jocelin Conley
155,33,50,Meio Período,12/18/2023,Chicky Pitkins
156,77,81,Reserva.,12/3/2020,Wendell Cantrell
157,15,56,Reserva.,8/16/2025,Shir Issacoff
158,19,4,Reserva.,1/5/2025,Bogey Kennan
159,51,75,Meio Período,1/31/2022,Sophi Gabrieli
160,49,67,Reserva.,1/25/2025,Myron Burndred
161,73,46,Meio Período,10/28/2025,Noelani Lamey
162,86,90,Tempo Integral,3/14/2025,Davita Earp
163,78,87,Meio Período,3/3/2023,Andromache Munton
164,81,87,Meio Período,2/6/2025,Wit Halvosen
165,46,7,Reserva.,9/21/2023,Cornelia Epinay
166,83,43,Meio Período,12/8/2022,Nissie Buer
167,18,42,Reserva.,12/5/2024,Elsi Officer
168,19,86,Meio Período,1/5/2025,Homerus Roly
169,31,76,Reserva.,8/31/2021,Gerik Venmore
170,85,7,Reserva.,2/9/2021,Daniele Hinkens
171,38,26,Tempo Integral,2/28/2025,Tracie Hewes
172,64,38,Reserva.,8/22/2022,Kym Rossiter
173,86,32,Tempo Integral,11/8/2024,Mel Rapp
174,76,32,Reserva.,7/5/2022,Clarette Doumerque
175,91,49,Tempo Integral,4/14/2021,Chilton Ixer
176,76,79,Reserva.,5/27/2024,Hubert Merill
177,76,71,Meio Período,10/22/2025,Timmy Cromblehome
178,72,4,Tempo Integral,2/17/2022,Price Terzza
179,90,35,Reserva.,7/20/2023,Berton Valentim
180,1,60,Tempo Integral,12/2/2021,Nola Peskett
181,22,28,Reserva.,5/4/2025,Indira Oran
182,88,9,Tempo Integral,9/28/2025,Maggee Rosevear
183,89,82,Tempo Integral,9/30/2024,Chick Bruster
184,85,7,Meio Período,2/12/2024,Elbertina Lengthorn
185,10,99,Tempo Integral,6/6/2024,Cati Saw
186,33,19,Tempo Integral,4/8/2025,Idalia Boulding
187,15,30,Reserva.,7/3/2023,Bruis Lage
188,68,83,Reserva.,1/30/2023,Jeromy Symmers
189,100,40,Tempo Integral,8/7/2023,Olivie Clulow
190,27,8,Reserva.,1/6/2023,Dyane Dauby
191,70,75,Meio Período,1/9/2025,Carlin Covolini
192,32,47,Meio Período,11/17/2021,Ky Farreil
193,80,4,Tempo Integral,1/5/2024,Audrye Ricardo
194,30,13,Tempo Integral,2/17/2021,Nola Bayliss
195,51,99,Reserva.,9/26/2023,Cort Rabson
196,70,1,Tempo Integral,6/1/2021,Virgil Dalrymple
197,6,96,Reserva.,3/30/2025,Cross Ferronel
198,75,30,Reserva.,1/18/2024,Biddie Kingswood
199,83,73,Reserva.,12/17/2024,Ladonna Nisby
200,62,38,Meio Período,10/18/2021,Patrick Cannavan
201,97,74,Meio Período,8/17/2022,Joline Boustred
202,50,71,Tempo Integral,9/28/2024,Jessy Jodlkowski
203,1,51,Reserva.,2/11/2023,Zacharie Jessel
204,57,81,Reserva.,7/20/2023,Pincus Coatts
205,43,82,Reserva.,8/29/2024,Skylar Bachmann
206,86,27,Tempo Integral,11/3/2023,Giordano Iveagh
207,85,86,Tempo Integral,5/25/2024,Belle Pinson
208,35,65,Reserva.,2/21/2022,Brandice Tomovic
209,26,22,Meio Período,5/21/2024,Devinne Bryns
210,78,42,Tempo Integral,3/26/2022,Husain Garrie
211,42,11,Reserva.,10/18/2024,Gilbertine Luckin
212,29,25,Reserva.,11/20/2023,Farleigh Jacobsz
213,50,99,Meio Período,2/26/2024,Viva Hogsden
214,94,45,Meio Período,5/16/2025,Delia Lynthal
215,86,89,Tempo Integral,1/11/2023,Tamqrah O'Toole
216,68,44,Reserva.,11/12/2024,Torr Franchi
217,85,82,Reserva.,9/16/2022,Clerissa Valentinuzzi
218,21,81,Reserva.,1/25/2023,Junie Wraggs
219,84,43,Tempo Integral,6/19/2022,Cherianne MacKnocker
220,92,6,Reserva.,8/14/2024,Nicolai Alves
221,60,38,Meio Período,1/5/2023,Rice O'Ferris
222,68,67,Reserva.,1/9/2023,Hardy Zellmer
223,85,85,Reserva.,9/20/2023,Dorey Filipponi
224,25,88,Meio Período,10/19/2025,Meredith Ockland
225,90,95,Reserva.,12/29/2022,Gerrie Delyth
226,86,55,Reserva.,3/12/2021,Lorette Lantry
227,55,53,Tempo Integral,12/11/2024,Gerrilee Haywood
228,59,32,Meio Período,8/10/2024,Farrel Mannering
229,8,65,Meio Período,4/16/2023,Amity Rehn
230,76,85,Tempo Integral,6/27/2023,Ekaterina Fairlamb
231,35,54,Meio Período,7/23/2024,Alyss Ivankin
232,64,5,Meio Período,5/12/2022,Vin Marquis
233,79,17,Meio Período,5/29/2024,Marlo Barwise
234,93,83,Meio Período,8/28/2021,Lyman Winley
235,5,48,Meio Período,11/22/2022,Jacinta Halsworth
236,73,7,Tempo Integral,4/21/2021,Lorilyn Jennrich
237,64,72,Meio Período,1/30/2022,Jena Yeandel
238,72,25,Reserva.,7/7/2021,Orelle Rankmore
239,86,19,Meio Período,1/27/2023,Staffard Zmitrovich
240,31,50,Tempo Integral,7/24/2022,Hortensia Oldman
241,35,47,Tempo Integral,1/16/2022,Suellen Waitland
242,41,45,Meio Período,11/24/2021,Abigael Harbinson
243,82,20,Reserva.,1/8/2021,Rubetta Burtonshaw
244,66,26,Meio Período,9/4/2023,Marna Meiklam
245,25,98,Tempo Integral,4/6/2023,Tanitansy Yakebowitch
246,51,46,Reserva.,5/29/2021,Magdalen Doxsey
247,70,45,Tempo Integral,12/2/2023,June Poon
248,95,73,Tempo Integral,6/12/2024,Tedmund Traut
249,18,67,Reserva.,5/20/2021,Gregory Hadfield
250,36,23,Tempo Integral,8/12/2023,Amalia Malam
251,28,98,Reserva.,5/24/2025,Thalia Draycott
252,91,87,Reserva.,7/17/2023,Frannie Fanshaw
253,62,7,Meio Período,9/2/2022,Imogene Founds
254,20,26,Reserva.,7/12/2025,Sada Shills
255,28,82,Reserva.,5/27/2024,Doralin Braga
256,92,15,Reserva.,1/2/2024,Ulick Dickie
257,16,80,Reserva.,11/9/2022,Adina Vlies
258,81,60,Tempo Integral,12/7/2023,Alfons Peert
259,6,19,Meio Período,5/16/2021,Mill Smorfit
260,75,13,Tempo Integral,2/20/2023,Zsazsa Chrippes
261,78,25,Tempo Integral,6/20/2024,Filide Selvester
262,79,11,Tempo Integral,9/19/2024,Matelda Galletly
263,18,30,Tempo Integral,7/23/2023,Bogey Layus
264,21,97,Meio Período,5/1/2021,Rosetta Vasilchikov
265,12,3,Reserva.,11/7/2020,Dreddy Laughren
266,21,8,Meio Período,3/31/2022,Matelda Padkin
267,48,24,Tempo Integral,5/5/2021,Bartolemo Oppie
268,96,6,Reserva.,8/24/2022,Delmer McCrorie
269,16,77,Reserva.,1/16/2022,Cyrill Tottman
270,36,31,Tempo Integral,4/28/2023,Robinette Maskell
271,32,31,Reserva.,4/2/2022,Jule Astley
272,40,44,Tempo Integral,1/5/2022,Evangelin Duinkerk
273,68,91,Meio Período,12/31/2021,Dur Widd
274,5,78,Tempo Integral,4/7/2022,Leonidas Lesor
275,15,98,Meio Período,7/31/2023,Marnia Coucha
276,23,51,Meio Período,7/3/2024,Lockwood Buckwell
277,98,64,Reserva.,11/21/2024,Leland Salamon
278,76,15,Tempo Integral,2/2/2025,Tynan McCrum
279,63,56,Meio Período,3/24/2023,Regan Fried
280,23,25,Reserva.,7/29/2023,Lita Geck
281,37,47,Tempo Integral,5/30/2025,Dorey Dulwich
282,100,45,Reserva.,5/4/2023,Averell Winfindine
283,24,29,Reserva.,5/5/2025,Aundrea Hairyes
284,27,39,Reserva.,11/1/2023,Terri Foker
285,8,17,Tempo Integral,4/25/2025,Wright Skeene
286,85,47,Reserva.,4/17/2022,Baird Mindenhall
287,48,100,Tempo Integral,2/23/2025,Jerry Strathe
288,28,96,Meio Período,8/31/2021,Amandie Keets
289,51,31,Meio Período,4/19/2024,Harriott Romero
290,66,24,Meio Período,6/10/2022,Kiel Axtell
291,95,43,Tempo Integral,9/11/2022,Joellyn Jermyn
292,38,32,Reserva.,6/23/2021,Clarey Thomton
293,63,17,Reserva.,2/8/2023,Maisie Adhams
294,60,79,Reserva.,6/14/2024,Berk Rackstraw
295,59,21,Reserva.,12/19/2021,Mikael Teasdale-Markie
296,16,36,Meio Período,12/9/2020,Kate Walesa
297,51,98,Tempo Integral,5/14/2023,Camila Cattell
298,72,88,Reserva.,10/10/2021,Rossy Balassi
299,20,86,Meio Período,5/18/2023,Patric Twitching
300,67,60,Meio Período,12/10/2020,Ethelind Rivaland
301,50,10,Tempo Integral,1/21/2023,Ola Barhams
302,73,63,Meio Período,1/1/2023,Orion Groger
303,12,67,Reserva.,3/29/2021,Binnie Chelnam
304,15,86,Reserva.,4/8/2025,Dorice Gepp
305,18,40,Meio Período,8/28/2022,Idell Burden
306,77,19,Tempo Integral,8/12/2024,Madge Hansberry
307,53,45,Meio Período,1/6/2024,Regen Tracey
308,4,90,Reserva.,9/17/2022,Skippy Mathy
309,50,25,Meio Período,12/20/2020,Adams Calltone
310,91,7,Reserva.,10/27/2023,Arly Cranch
311,94,35,Reserva.,6/11/2025,Jaime Hand
312,28,99,Tempo Integral,6/9/2022,Alejoa Lowdeane
313,22,41,Meio Período,3/20/2025,Blondelle Doumic
314,15,94,Meio Período,12/23/2022,Vivia Sartin
315,78,23,Tempo Integral,12/15/2023,Eda MacTavish
316,50,63,Meio Período,1/19/2025,Cindy Harman
317,42,94,Reserva.,7/17/2025,Cari Romke
318,80,63,Meio Período,8/23/2022,Stefan Sapauton
319,20,69,Meio Período,3/12/2024,Alejandro Minchin
320,46,83,Reserva.,12/4/2021,Lisbeth McCrae
321,31,25,Tempo Integral,3/17/2024,Edith Gilleson
322,18,19,Tempo Integral,7/21/2023,Jodie Olivia
323,37,84,Reserva.,5/25/2022,Sonja Glozman
324,41,72,Meio Período,12/22/2023,Barron January
325,38,53,Meio Período,10/11/2025,Bette McQuillan
326,63,96,Meio Período,12/3/2022,Coral Lashmar
327,73,53,Meio Período,4/17/2022,Muire Rowbottam
328,91,61,Meio Período,9/17/2023,Todd Lodo
329,85,66,Meio Período,9/8/2022,Fremont Curreen
330,64,48,Meio Período,9/22/2021,Berthe Hefford
331,4,41,Meio Período,4/19/2021,Alexa Brolechan
332,5,61,Meio Período,4/4/2023,Deena Giovani
333,77,89,Meio Período,5/3/2021,Gwynne Pether
334,3,43,Reserva.,8/30/2022,Blake Berrill
335,68,6,Meio Período,3/30/2024,Jorrie Manuello
336,4,81,Tempo Integral,6/16/2021,Marja Cousans
337,64,52,Reserva.,10/13/2023,Olag Strudwick
338,27,71,Tempo Integral,6/12/2025,Dylan Andrioni
339,37,53,Meio Período,9/23/2021,Caria Sighard
340,99,15,Reserva.,6/15/2021,Angelle Emanuel
341,25,63,Tempo Integral,8/11/2021,Em Storrah
342,96,12,Tempo Integral,3/30/2024,Ibbie Vedyasov
343,22,4,Meio Período,1/9/2021,Cletus Havock
344,15,8,Reserva.,9/15/2024,Cathi Glasson
345,82,16,Tempo Integral,8/28/2025,Bobine Darker
346,15,92,Reserva.,5/29/2021,Flinn Nannetti
347,32,70,Tempo Integral,4/23/2023,Lenore Verson
348,92,99,Reserva.,12/28/2024,Andria Abbison
349,56,54,Tempo Integral,3/27/2021,Galen Leathe
350,15,10,Tempo Integral,1/25/2025,Saunder Carpmile
351,71,35,Reserva.,3/12/2023,Devon Canaan
352,93,39,Reserva.,2/19/2024,Fredric Domel
353,94,53,Meio Período,11/26/2021,Gasparo Depka
354,40,56,Meio Período,4/21/2022,Teresa Omar
355,3,91,Tempo Integral,6/26/2024,Marley Ryce
356,56,91,Meio Período,4/13/2024,Rowe Klemencic
357,11,90,Tempo Integral,6/20/2021,Skelly Mather
358,36,53,Tempo Integral,5/22/2024,Lydie Crosher
359,39,60,Meio Período,7/23/2025,Wilma Guyan
360,35,81,Reserva.,11/26/2020,Glennis Getch
361,96,30,Meio Período,5/27/2024,Jacqueline Bore
362,66,73,Meio Período,4/21/2023,Evan Bulfoot
363,17,26,Meio Período,10/12/2022,Mauricio Slark
364,30,19,Reserva.,1/21/2024,Gayle Dowdam
365,35,72,Reserva.,12/12/2023,Royall Jakab
366,22,77,Tempo Integral,10/22/2023,Abel Clemanceau
367,84,54,Meio Período,12/28/2022,Hirsch Grinikhinov
368,45,42,Reserva.,6/12/2024,Molli Maffucci
369,6,9,Reserva.,10/20/2025,Gaston O Mullen
370,87,100,Tempo Integral,7/13/2021,Glennis Jandak
371,55,34,Tempo Integral,7/2/2021,Delinda Menguy
372,89,57,Meio Período,11/15/2023,Barron McGuigan
373,24,12,Reserva.,1/17/2024,Barri Kryzhov
374,66,23,Tempo Integral,7/10/2021,Jeanne Denis
375,2,13,Tempo Integral,9/17/2025,Trever Schouthede
376,97,17,Tempo Integral,3/7/2023,Kit Bezant
377,86,67,Tempo Integral,7/29/2025,Ellissa Grogor
378,82,91,Reserva.,2/24/2022,Deidre Linskill
379,66,91,Reserva.,12/7/2020,Hobard Huett
380,64,91,Meio Período,12/4/2024,Benjamin Leed
381,45,10,Meio Período,4/25/2023,Nevins Robinson
382,54,58,Reserva.,3/26/2021,Reta Goodred
383,25,58,Reserva.,12/12/2022,Farrel Rockcliff
384,47,63,Tempo Integral,8/31/2024,Abigail Nickels
385,46,96,Tempo Integral,9/2/2022,Elden Percival
386,16,17,Tempo Integral,6/9/2021,Keith Greenly
387,53,9,Tempo Integral,3/28/2024,Alejandro Liversedge
388,73,22,Reserva.,11/1/2024,Violet Dimmock
389,25,53,Meio Período,10/12/2024,Fawne Chambers
390,84,39,Tempo Integral,6/12/2021,Holmes Davydkov
391,27,3,Meio Período,2/9/2024,Ruby Geldart
392,43,14,Meio Período,7/14/2024,Delila Jindra
393,44,62,Tempo Integral,6/15/2021,Deonne Kedie
394,74,67,Reserva.,7/24/2022,Fayth Tutt
395,33,66,Tempo Integral,7/9/2023,Opaline Engall
396,50,97,Meio Período,1/26/2022,Giorgia Hannon
397,12,73,Tempo Integral,8/18/2022,Minerva Austing
398,98,55,Tempo Integral,12/22/2022,Arline Devlin
399,7,25,Tempo Integral,3/23/2024,Austen Fawke
400,39,13,Meio Período,6/6/2025,Briny Lucey
401,62,31,Tempo Integral,6/11/2025,Alleen Gunthorpe
402,13,75,Tempo Integral,4/2/2022,Adams Simoneton
403,3,3,Meio Período,8/8/2024,Gertrudis Klulisek
404,31,83,Meio Período,6/29/2025,Dave Jerisch
405,61,100,Meio Período,12/23/2021,Othilia Benyon
406,51,9,Meio Período,6/6/2024,Estele Kettley
407,30,64,Reserva.,11/29/2021,Niel Haggett
408,20,43,Meio Período,10/19/2022,Alysia Munroe
409,14,64,Reserva.,6/25/2022,Pierre Wakley
410,33,14,Reserva.,9/6/2021,Jordon Kubal
411,24,77,Tempo Integral,6/11/2023,Colas Dakers
412,89,45,Meio Período,6/24/2025,Erminia Cano
413,80,79,Meio Período,1/6/2024,Hercule Durrand
414,90,81,Meio Período,6/22/2024,Vivianne Fishlock
415,49,22,Meio Período,3/15/2022,Elna Merfin
416,100,80,Meio Período,11/16/2021,Shandee Staden
417,15,76,Meio Período,11/29/2023,Claybourne Matchell
418,60,24,Reserva.,5/28/2022,Kelli Bollen
419,1,94,Tempo Integral,4/3/2024,Nevil Desbrow
420,42,37,Reserva.,8/27/2021,Tatiania Augustus
421,36,87,Tempo Integral,9/19/2021,Garold Juschke
422,10,4,Tempo Integral,2/15/2025,Giuseppe Kenen
423,36,93,Reserva.,11/3/2023,Casey Antonowicz
424,41,89,Reserva.,8/23/2022,Merell Deards
425,86,85,Meio Período,10/29/2023,Dwain Paffett
426,95,98,Reserva.,12/16/2024,Alistair Ballentime
427,41,34,Meio Período,10/9/2025,Abbot Vaggs
428,43,18,Reserva.,5/12/2025,Stephen Hastelow
429,21,87,Tempo Integral,2/3/2024,Ethelin Elden
430,36,55,Meio Período,10/8/2022,Ileane Shephard
431,33,5,Tempo Integral,11/28/2024,Jules Arsmith
432,89,78,Reserva.,3/17/2021,Federica Chisman
433,42,22,Reserva.,11/8/2023,Steve Speechley
434,99,14,Reserva.,12/30/2024,Kriste Bebbington
435,51,88,Meio Período,2/18/2021,Willi Bartalin
436,58,9,Tempo Integral,8/20/2024,Whitby Calway
437,58,45,Meio Período,5/13/2022,Peterus McEvon
438,63,16,Meio Período,9/5/2023,Beaufort Bonwick
439,37,35,Meio Período,10/10/2024,Bartlet Bernath
440,8,66,Meio Período,1/3/2024,Hubie Quail
441,69,2,Reserva.,5/6/2025,Krisha Bartali
442,17,76,Meio Período,3/31/2021,Gun Thompson
443,95,38,Reserva.,5/27/2024,Vanda Fallen
444,6,70,Meio Período,1/14/2025,Allin Taggett
445,79,74,Reserva.,12/27/2023,Thebault Feares
446,57,79,Tempo Integral,5/22/2025,Grant Heyfield
447,12,87,Meio Período,8/14/2025,Prudence Luipold
448,76,64,Meio Período,4/13/2022,Wallis Bester
449,27,42,Tempo Integral,2/28/2024,Marwin Greenly
450,95,18,Meio Período,10/29/2022,Lanae Taye
451,56,59,Meio Período,12/9/2021,Tobie Hugo
452,23,13,Meio Período,4/22/2024,Ron Stanlock
453,78,82,Meio Período,9/19/2022,Karoly Coweuppe
454,63,36,Meio Período,12/11/2024,Madeline Wallach
455,16,42,Tempo Integral,4/7/2025,Mateo Schust
456,40,9,Meio Período,9/14/2023,Nonna Davidowsky
457,89,37,Tempo Integral,8/8/2023,Willdon Preble
458,33,100,Meio Período,5/28/2025,Aylmar Reinger
459,8,43,Meio Período,12/5/2021,Rochell McVitie
460,29,82,Meio Período,10/25/2023,Dalis Delafont
461,77,48,Tempo Integral,12/19/2020,Timotheus Feeham
462,45,2,Meio Período,12/15/2023,Kissiah Woolpert
463,74,97,Tempo Integral,6/4/2022,Georgie Milsom
464,16,2,Reserva.,1/10/2024,Catherina Pagen
465,22,2,Meio Período,5/9/2022,Keely Johananov
466,1,84,Tempo Integral,11/15/2021,Katherine Patshull
467,59,90,Reserva.,7/4/2022,Georgine Cornils
468,18,97,Meio Período,7/1/2025,Kaspar Gertray
469,98,45,Reserva.,1/21/2021,Gwen Doey
470,48,4,Reserva.,4/9/2025,Beatrix MacDunlevy
471,87,40,Meio Período,5/1/2021,Marve Ventom
472,13,45,Meio Período,5/23/2023,Fae Jirousek
473,21,20,Meio Período,9/10/2024,Gallard Arnison
474,9,81,Reserva.,3/17/2022,Aundrea Enderwick
475,63,22,Tempo Integral,4/21/2023,Evin Ferrario
476,6,45,Tempo Integral,3/10/2025,Norton Quinet
477,58,20,Reserva.,4/14/2022,Bibby Itzik
478,48,94,Reserva.,5/31/2025,Niels Stoeckle
479,29,8,Reserva.,9/26/2025,Drud Dearnly
480,65,42,Reserva.,7/1/2024,Pamella Dolle
481,37,69,Reserva.,7/29/2022,Averyl Welling
482,10,32,Reserva.,6/26/2023,Innis Jordi
483,41,10,Reserva.,12/7/2021,Sheridan McShee
484,26,14,Meio Período,6/27/2021,Lurette Raunds
485,88,91,Reserva.,12/16/2023,Bruis Blesdill
486,12,78,Meio Período,8/24/2024,Roch Loache
487,36,1,Tempo Integral,2/8/2025,Juliane Dibley
488,88,31,Reserva.,9/14/2021,Silvan Drinan
489,79,47,Tempo Integral,5/4/2025,Rowan Andreassen
490,17,31,Tempo Integral,2/4/2025,Gusta Perelli
491,75,1,Tempo Integral,6/11/2025,Heddi Matushevitz
492,54,94,Meio Período,9/16/2025,Ugo Lansdowne
493,58,3,Tempo Integral,10/26/2021,Jeni Manhare
494,22,24,Tempo Integral,1/28/2023,Stesha Freiburger
495,22,85,Tempo Integral,10/11/2025,Merry Krolak
496,32,54,Reserva.,4/21/2025,Silvanus Bullock
497,33,89,Meio Período,4/27/2025,Belinda Conichie
498,6,81,Reserva.,6/15/2021,Nicolea Heistermann
499,22,37,Meio Período,9/28/2022,Tracie Ortzen
500,68,61,Reserva.,11/19/2023,Melinda Broadbridge
501,53,22,Meio Período,12/25/2024,Emmye Spowart
502,8,26,Reserva.,11/8/2024,Michel Lyddyard
503,65,65,Reserva.,11/26/2021,Marlene Gledhill
504,38,84,Reserva.,10/25/2021,Ellery Lang
505,23,90,Reserva.,1/11/2024,Park Ricoald
506,96,82,Reserva.,3/8/2023,Mannie Godmar
507,78,41,Meio Período,6/24/2023,Maddi Gocke
508,70,75,Tempo Integral,9/28/2025,Astrix Oertzen
509,73,22,Meio Período,1/13/2022,Kyla Bunstone
510,96,18,Reserva.,1/6/2023,Marieann Whitnall
511,13,83,Tempo Integral,1/28/2022,Barney Clappson
512,69,84,Reserva.,2/23/2024,Garvey Klein
513,84,31,Reserva.,5/15/2021,Jacquelin Ducker
514,95,75,Reserva.,10/25/2021,Mahmud Steade
515,84,99,Tempo Integral,5/30/2024,Cirilo Flight
516,31,4,Tempo Integral,3/11/2021,Gypsy Sircombe
517,48,60,Reserva.,4/7/2023,Geneva McCall
518,7,34,Tempo Integral,9/19/2021,Arturo Counihan
519,66,27,Meio Período,12/9/2021,Donnajean Bowie
520,91,60,Tempo Integral,6/15/2022,Matilde Rishbrook
521,29,58,Reserva.,4/24/2021,Clarissa Redmore
522,49,51,Meio Período,6/10/2022,Paton Cardo
523,15,48,Tempo Integral,11/23/2022,Gaye Dusey
524,96,57,Meio Período,7/6/2021,Devlen Rooke
525,21,80,Meio Período,8/29/2023,Bone O'Kennedy
526,31,71,Tempo Integral,5/24/2025,Minor Stitle
527,48,39,Reserva.,4/17/2025,Eadie Ewart
528,88,65,Tempo Integral,3/12/2022,Cecilius Coombes
529,62,87,Tempo Integral,8/7/2022,Ondrea Lovick
530,80,5,Reserva.,4/28/2021,Kaia Toten
531,80,33,Tempo Integral,3/30/2022,Seka Sproul
532,41,37,Meio Período,9/15/2022,Kylila Spritt
533,29,7,Tempo Integral,12/16/2024,Maryrose Ricson
534,78,2,Tempo Integral,4/19/2021,Hurley Emeney
535,3,52,Tempo Integral,9/17/2024,Odele De Bruijn
536,1,49,Tempo Integral,10/1/2021,Jervis Scouler
537,43,31,Meio Período,3/2/2022,Meridith Gauford
538,3,10,Reserva.,10/27/2021,Davide Silverthorn
539,95,14,Tempo Integral,12/27/2022,Robbie Ferrie
540,94,15,Tempo Integral,5/28/2025,Earlie O'Leary
541,79,71,Meio Período,6/22/2025,Maurice Assandri
542,25,80,Reserva.,1/12/2024,Eugenius Brakewell
543,85,99,Tempo Integral,11/26/2022,Leann Waycot
544,8,71,Reserva.,11/17/2022,Kleon Yalden
545,20,86,Reserva.,2/19/2021,Turner Pietrzyk
546,59,53,Tempo Integral,11/12/2021,Laney Brendel
547,35,44,Tempo Integral,1/3/2023,Shoshana Duffyn
548,45,53,Reserva.,2/13/2022,Jaimie Karolewski
549,28,71,Meio Período,11/6/2022,Rosana Kleyn
550,85,97,Tempo Integral,11/23/2023,Winnie Greenlies
551,52,45,Meio Período,6/18/2021,Tandy Pfertner
552,31,22,Tempo Integral,1/15/2022,Lindy Wolsey
553,79,69,Meio Período,10/4/2022,Ram De Biasi
554,2,57,Tempo Integral,2/28/2021,Kameko Colquhoun
555,94,27,Tempo Integral,6/29/2024,Corney Reedyhough
556,100,13,Meio Período,10/16/2023,Amble Flag
557,74,17,Meio Período,3/12/2025,Chris Brecher
558,15,2,Meio Período,5/13/2021,Griswold Baughan
559,86,40,Reserva.,1/3/2025,Fritz Kean
560,26,54,Reserva.,4/19/2022,Vittorio Hakewell
561,50,3,Tempo Integral,9/5/2023,Artie Sacaze
562,75,89,Meio Período,5/18/2023,Wyn Childes
563,83,75,Meio Período,5/21/2021,Dolores Creech
564,73,13,Meio Período,6/27/2024,Ricard Wiggam
565,39,90,Tempo Integral,10/5/2022,Karna Padley
566,33,31,Reserva.,11/24/2024,Lorne Malamore
567,14,75,Meio Período,6/23/2025,Toddie Finlan
568,25,10,Reserva.,8/19/2024,Domenic Pollett
569,33,19,Meio Período,8/20/2024,Faber Hartop
570,61,97,Tempo Integral,12/18/2024,Dennie Swaddle
571,79,36,Tempo Integral,10/18/2025,Willdon Presland
572,71,60,Reserva.,6/18/2025,Lee Seddon
573,34,85,Meio Período,6/1/2025,Darrel Vasyunkin
574,85,36,Tempo Integral,7/26/2025,Freedman Corragan
575,5,16,Tempo Integral,7/7/2022,Laraine Kingscote
576,60,87,Tempo Integral,4/10/2021,Selinda Melmore
577,5,71,Tempo Integral,7/23/2021,Mariana Jonk
578,56,58,Meio Período,8/18/2022,Etti Longstreeth
579,57,4,Tempo Integral,12/23/2024,Jeff Crawford
580,73,71,Tempo Integral,5/7/2025,Agnola O'Cannovane
581,9,58,Meio Período,1/24/2023,Regine Ferrarese
582,73,34,Meio Período,8/5/2025,Mile Silversmid
583,79,78,Tempo Integral,5/9/2023,Haslett Shinner
584,23,56,Tempo Integral,2/2/2021,Grenville Asplin
585,99,75,Meio Período,10/4/2024,Curt Glavias
586,73,35,Reserva.,7/1/2022,Cleon Raison
587,59,57,Tempo Integral,12/23/2023,Irwinn Gullberg
588,10,32,Reserva.,3/1/2021,Nicolina Forrestor
589,21,75,Tempo Integral,3/22/2024,Jacklyn Kall
590,56,75,Meio Período,8/11/2024,Zebulon Jatczak
591,49,23,Reserva.,3/25/2023,Adolph Trathan
592,15,34,Meio Período,9/21/2022,Blanca Hatchett
593,84,9,Tempo Integral,9/16/2023,Jaquenetta Armin
594,48,16,Tempo Integral,9/1/2022,Alicea Paley
595,94,71,Tempo Integral,12/16/2024,Veronika Paulson
596,38,68,Tempo Integral,11/6/2023,Oralla Safhill
597,80,40,Reserva.,1/25/2021,Bill Amoore
598,65,93,Meio Período,3/30/2023,Zerk Kimbury
599,30,91,Meio Período,8/22/2024,Lillis Shillam
600,80,88,Reserva.,3/10/2023,Victor Angerstein
601,71,51,Tempo Integral,6/21/2022,Liane Heiden
602,15,83,Meio Período,11/21/2023,Lorine Powles
603,49,24,Reserva.,8/2/2023,Dyann Piesold
604,89,46,Reserva.,4/13/2021,Jaime Whitemarsh
605,73,60,Tempo Integral,7/23/2022,Olimpia Ingrey
606,57,51,Tempo Integral,12/26/2020,Inge Gerty
607,27,32,Meio Período,11/26/2023,Whitby Lomas
608,50,65,Meio Período,5/19/2025,Adena Waldera
609,33,46,Meio Período,9/26/2022,Wendye Chiese
610,91,22,Tempo Integral,10/27/2023,Eudora Cymper
611,43,68,Tempo Integral,7/18/2024,Natassia Northbridge
612,82,6,Meio Período,2/26/2022,Ebony Cours
613,59,95,Meio Período,10/28/2021,Gustie Angear
614,25,32,Tempo Integral,6/5/2023,Antonio Miskelly
615,46,77,Tempo Integral,2/19/2024,Lorianna Ternouth
616,11,74,Tempo Integral,2/1/2023,Augusta Luckhurst
617,67,88,Tempo Integral,5/22/2025,Hally Oswell
618,45,21,Tempo Integral,9/24/2022,Brucie Deniscke
619,80,2,Meio Período,4/6/2025,Melosa Archley
620,1,72,Tempo Integral,3/22/2024,Sarene Iacovucci
621,35,29,Tempo Integral,11/18/2021,Avrit Hallifax
622,67,60,Tempo Integral,3/12/2023,Mikol Hegges
623,23,14,Reserva.,3/2/2022,Marlane Elsmore
624,21,20,Tempo Integral,6/17/2022,Valaria Fearneley
625,81,52,Tempo Integral,3/31/2023,Cornela Lampett
626,11,57,Tempo Integral,12/13/2020,Chane Leahair
627,95,19,Reserva.,10/14/2025,Mame MacCarrick
628,20,1,Reserva.,3/21/2025,Tiffy Duinkerk
629,69,99,Tempo Integral,6/24/2025,Taber McCleverty
630,2,34,Reserva.,1/23/2023,Hillel Helin
631,95,50,Reserva.,7/29/2023,Yorke Bartozzi
632,4,69,Reserva.,12/11/2022,Eileen Raison
633,53,91,Reserva.,6/2/2022,Devondra Eliez
634,76,44,Meio Período,11/3/2020,Madelyn Pourvoieur
635,71,56,Meio Período,11/23/2023,Muffin Scarse
636,53,42,Meio Período,3/5/2025,Drusi Cray
637,40,46,Meio Período,9/19/2025,Susanna Bond
638,19,24,Reserva.,1/10/2024,Jenda Willbraham
639,81,34,Meio Período,6/7/2025,Frasco Ryles
640,68,99,Meio Período,11/6/2020,Amanda Gillimgham
641,60,81,Tempo Integral,3/6/2022,Brett Lathey
642,46,97,Meio Período,2/8/2024,Gray Sleaford
643,80,54,Meio Período,4/11/2022,Koral McCroft
644,16,44,Tempo Integral,6/17/2025,Tessy Kaszper
645,86,30,Tempo Integral,6/8/2024,Kathie Philbin
646,90,55,Meio Período,3/7/2023,Jasmine Mealing
647,34,18,Tempo Integral,1/13/2021,Ritchie Dunning
648,25,62,Meio Período,1/2/2025,Juline Pell
649,82,80,Meio Período,9/5/2025,Glenda Hutchin
650,2,64,Meio Período,8/21/2025,Felicio Giacopetti
651,22,95,Tempo Integral,7/1/2024,Tamra Chinery
652,96,26,Reserva.,2/12/2023,Maurie Lochead
653,75,49,Tempo Integral,12/18/2021,Jasun Sperry
654,96,98,Reserva.,4/8/2022,Dionne Rawsthorne
655,100,64,Tempo Integral,12/2/2024,Laurella Zecchi
656,51,57,Reserva.,1/22/2022,Gus Hamsher
657,58,8,Tempo Integral,2/20/2025,Henri Heppner
658,85,25,Reserva.,4/19/2021,Agnesse Plak
659,91,32,Meio Período,5/8/2021,Olympie Bartley
660,26,8,Reserva.,9/2/2025,Bettine Berisford
661,26,10,Meio Período,7/2/2024,Charo Southcombe
662,10,19,Tempo Integral,3/14/2022,Ella Vanns
663,4,77,Tempo Integral,12/19/2022,Korella Cutbush
664,51,1,Reserva.,7/16/2021,Mariquilla Plews
665,1,69,Meio Período,7/2/2024,Fredra Stollen
666,3,54,Meio Período,7/2/2023,Vale Gascone
667,8,73,Reserva.,12/31/2024,Reidar Lymer
668,26,97,Tempo Integral,7/24/2023,Dilly Barnardo
669,65,100,Meio Período,10/13/2024,Dinny Pershouse
670,38,8,Reserva.,5/14/2024,Jarid Marzelli
671,44,17,Tempo Integral,1/13/2023,Liva Stille
672,8,28,Tempo Integral,8/24/2023,Mona Wrathall
673,81,24,Meio Período,10/16/2025,Cori Potkin
674,38,39,Tempo Integral,10/26/2024,Luis Devonald
675,31,32,Meio Período,5/7/2024,Stevy Moat
676,92,70,Meio Período,10/8/2025,Urban Hobell
677,4,31,Reserva.,3/28/2025,Katalin Legg
678,95,90,Reserva.,1/1/2024,Sanders De Vere
679,79,23,Meio Período,12/18/2021,Tamara Gallemore
680,70,90,Tempo Integral,2/22/2021,Thorstein Danser
681,26,53,Reserva.,5/17/2025,Beulah Vernham
682,5,83,Reserva.,10/14/2023,Magdalen Dungey
683,67,12,Tempo Integral,10/28/2025,Lane Izkovitz
684,84,5,Meio Período,4/4/2021,Cesaro Giorgione
685,24,12,Meio Período,12/18/2023,Burtie Valance
686,78,26,Reserva.,2/26/2023,Thurston Rippingall
687,21,8,Reserva.,11/30/2020,Cornie Nelhams
688,68,16,Meio Período,11/24/2023,Nicolle Conyers
689,43,24,Reserva.,3/11/2025,Crosby Pepperill
690,31,6,Meio Período,1/30/2024,Germaine Hannay
691,52,1,Meio Período,2/28/2024,Yale Gravey
692,94,67,Meio Período,1/20/2023,Raine Farncomb
693,47,61,Reserva.,7/29/2022,Danell Glenton
694,59,3,Meio Período,3/5/2021,Letizia Birdall
695,10,17,Meio Período,10/4/2022,Corbie Wurz
696,15,7,Reserva.,5/6/2024,Bourke Trevethan
697,96,68,Reserva.,1/28/2022,Jean Durston
698,100,74,Meio Período,10/27/2023,Clarine Drewe
699,80,48,Tempo Integral,7/1/2025,Gerry Osorio
700,78,28,Tempo Integral,11/11/2022,Franni MacSween
701,46,6,Meio Período,9/8/2023,Janeczka Pollington
702,93,52,Reserva.,10/15/2025,Zsazsa Rouzet
703,55,59,Reserva.,4/4/2022,Camellia Busk
704,23,88,Tempo Integral,10/2/2025,Griz Ballefant
705,47,18,Tempo Integral,9/29/2022,Hannah Cordero
706,21,33,Tempo Integral,7/3/2021,Cristiano Musselwhite
707,48,67,Reserva.,11/20/2022,Tracie MacGillivrie
708,85,35,Meio Período,6/17/2025,Lettie Lindenbluth
709,70,29,Meio Período,11/6/2024,Malinda Goodread
710,73,51,Tempo Integral,4/13/2023,Cody Aizikovitch
711,7,84,Reserva.,1/12/2022,Robenia Meritt
712,53,13,Tempo Integral,3/24/2025,Harriett Rogliero
713,62,54,Reserva.,10/3/2022,Hortensia Goss
714,12,58,Reserva.,3/28/2021,Trixi Dablin
715,12,69,Meio Período,2/4/2025,Harris Darkin
716,9,64,Tempo Integral,10/28/2021,Ami Kenlin
717,28,22,Meio Período,4/12/2025,Jaquith Pancoust
718,61,16,Meio Período,5/24/2022,Millicent Antuoni
719,91,20,Tempo Integral,5/7/2023,Davidson Marzelle
720,96,13,Reserva.,1/7/2022,Boigie Cotterell
721,36,75,Tempo Integral,1/7/2024,Buiron Geill
722,20,44,Meio Período,1/24/2023,Marabel Meadus
723,41,85,Reserva.,8/17/2024,Benedikt Pringle
724,59,55,Reserva.,12/31/2020,Dorolisa Gorst
725,100,56,Meio Período,8/7/2023,Drusie Grimme
726,87,71,Tempo Integral,9/7/2024,Oralia Skeel
727,85,22,Meio Período,8/6/2024,Collie Labrenz
728,19,43,Meio Período,9/7/2021,Silvano MacGiolla Pheadair
729,33,35,Meio Período,12/20/2024,Worthy A'Barrow
730,69,28,Reserva.,11/16/2024,Nap Vidineev
731,24,47,Meio Período,3/18/2024,Ashli Ashenhurst
732,65,55,Meio Período,1/29/2023,Dillie Gartin
733,45,95,Tempo Integral,1/24/2024,Millisent Purtell
734,41,56,Reserva.,9/13/2022,Debra Shaves
735,10,76,Meio Período,5/2/2022,Vaughn Antuoni
736,21,78,Tempo Integral,5/1/2022,Godfree Pine
737,7,17,Meio Período,8/28/2025,Case Nance
738,29,48,Reserva.,3/31/2023,Si Willans
739,31,20,Meio Período,9/12/2024,Ranee Bridle
740,50,86,Tempo Integral,8/11/2023,Ellery Guinane
741,86,89,Tempo Integral,10/24/2022,Lazare Portail
742,72,37,Meio Período,6/2/2025,Audrie Borleace
743,64,89,Reserva.,9/8/2024,Hy Hopewell
744,78,80,Reserva.,2/11/2024,Caroljean Barratt
745,1,45,Meio Período,10/4/2022,Hewitt Dunguy
746,94,52,Tempo Integral,7/18/2025,Massimiliano Charlson
747,88,99,Tempo Integral,11/28/2021,Lela Annes
748,91,73,Reserva.,3/13/2024,Prudi Culross
749,83,33,Meio Período,2/5/2024,Andres Marfell
750,9,4,Reserva.,12/10/2022,Andrew Steer
751,12,36,Tempo Integral,4/19/2024,Sanderson Charles
752,66,71,Meio Período,5/21/2024,Shannan Gosney
753,8,45,Meio Período,9/10/2023,Cesar O' Liddy
754,4,98,Meio Período,5/31/2022,Hillary Redhole
755,12,93,Meio Período,12/12/2021,Ivar Kemster
756,30,41,Meio Período,9/30/2023,Sella Pabelik
757,25,98,Meio Período,9/17/2021,Ludvig Trobe
758,29,71,Reserva.,2/28/2021,Rosalind O'Halloran
759,52,45,Tempo Integral,8/15/2021,Rafferty Figure
760,73,44,Tempo Integral,3/29/2023,Sofie Silverton
761,46,49,Tempo Integral,11/18/2021,Meredeth Hindes
762,54,89,Meio Período,9/26/2024,Mechelle Cumpsty
763,5,46,Tempo Integral,2/16/2024,Emmett Truelock
764,34,45,Reserva.,7/20/2021,Nana Grioli
765,56,57,Reserva.,7/16/2024,Bordy Fattori
766,77,4,Tempo Integral,4/23/2023,Omar Fortye
767,70,5,Tempo Integral,10/1/2021,Cristobal Conybear
768,41,6,Meio Período,8/22/2021,Lena Brunner
769,90,94,Tempo Integral,10/22/2022,Ame Guilloton
770,40,11,Tempo Integral,1/2/2024,Denise Gaspard
771,32,30,Tempo Integral,1/16/2022,Angel Hadny
772,59,86,Reserva.,1/11/2023,Shaine Valiant
773,5,68,Meio Período,11/25/2024,Cacilia Colston
774,48,39,Reserva.,7/5/2021,Jessey Murgatroyd
775,19,76,Meio Período,10/16/2024,Maressa Lefwich
776,23,62,Meio Período,10/2/2021,Ana Cristoferi
777,52,13,Tempo Integral,5/29/2025,Keene Farington
778,26,16,Tempo Integral,7/9/2023,Kort Mathie
779,82,98,Reserva.,8/25/2022,Daisy Nannizzi
780,69,9,Meio Período,9/12/2021,Kelci Velasquez
781,69,35,Meio Período,3/29/2021,Kris Lenney
782,43,15,Reserva.,10/13/2023,Kinny Damper
783,98,99,Tempo Integral,9/3/2025,Elayne Chilcott
784,75,38,Reserva.,2/18/2022,Prisca Zmitrichenko
785,16,77,Meio Período,6/16/2023,Gertruda Gresser
786,54,60,Reserva.,12/1/2021,Lorilee Beddingham
787,79,19,Meio Período,4/6/2025,Fancy Scarce
788,100,40,Reserva.,12/31/2021,Fedora Hiddy
789,48,32,Reserva.,1/28/2022,Yettie Blamires
790,90,14,Meio Período,7/4/2024,Laure Matevosian
791,42,44,Meio Período,12/14/2024,Samara Pardal
792,22,29,Tempo Integral,9/30/2025,Clemmie Hendrichs
793,21,1,Meio Período,12/15/2024,Rodrigo Glasheen
794,54,32,Reserva.,9/3/2025,Dougie Harfleet
795,96,29,Reserva.,9/30/2022,Will Huckerby
796,29,75,Reserva.,1/29/2023,Corty Gun
797,25,29,Meio Período,5/20/2022,Damien Sykes
798,49,30,Meio Período,6/28/2023,Zacharia Kyne
799,9,91,Tempo Integral,9/5/2024,Nike Antognetti
800,80,25,Meio Período,4/7/2021,Erik Ivatts
801,40,96,Tempo Integral,5/28/2025,Justinn Morfield
802,18,59,Meio Período,5/31/2023,Zorina Comer
803,50,100,Tempo Integral,8/1/2023,Wynn Josipovitz
804,77,7,Reserva.,4/26/2025,Lorrin Bachs
805,73,62,Tempo Integral,1/9/2022,Dani Forge
806,75,6,Tempo Integral,1/26/2022,Jasun Knevet
807,4,34,Tempo Integral,5/14/2024,Melinde Wixey
808,58,73,Tempo Integral,2/16/2022,Brendon Shrubb
809,2,67,Tempo Integral,9/16/2021,Lennie Dmitriev
810,83,32,Meio Período,11/30/2020,Brook Seleway
811,87,8,Reserva.,12/21/2020,Hasheem Benois
812,98,59,Tempo Integral,10/24/2023,Kermit Jori
813,3,75,Tempo Integral,5/21/2024,Hayward Balsdon
814,70,54,Reserva.,3/16/2022,Lucina Lamprey
815,72,42,Tempo Integral,8/9/2024,Vivianna Whyard
816,7,8,Tempo Integral,8/5/2023,Idalina Keeling
817,86,98,Meio Período,5/5/2022,Barty Pidgeon
818,43,12,Reserva.,3/18/2025,Ludwig Drowsfield
819,50,24,Reserva.,6/18/2023,Celina Noller
820,12,31,Meio Período,5/3/2023,Bernadina Frise
821,63,81,Reserva.,10/19/2024,Marthena Mason
822,71,3,Meio Período,8/18/2022,Mick Smithin
823,67,57,Meio Período,9/6/2022,Ramona Wormell
824,97,90,Meio Período,5/2/2021,Lorry Thams
825,91,84,Tempo Integral,8/2/2025,Viv Moland
826,13,99,Reserva.,8/20/2021,Bambie Cast
827,17,73,Reserva.,10/31/2021,Kellen Nicely
828,92,9,Tempo Integral,1/9/2025,Ashlee Eady
829,67,11,Tempo Integral,11/3/2022,Honey Hymer
830,36,87,Tempo Integral,12/5/2021,Benedicto Ruddell
831,98,79,Tempo Integral,2/28/2024,Becki McComiskie
832,47,60,Reserva.,3/25/2022,Drake Casel
833,23,79,Meio Período,11/10/2021,Alisa Swanborough
834,16,49,Meio Período,5/13/2024,Keven Borris
835,9,16,Meio Período,3/14/2023,Kipper Nimmo
836,52,77,Reserva.,9/22/2021,Josie Andover
837,30,94,Reserva.,12/16/2020,Sterling Labrum
838,40,65,Reserva.,12/2/2023,Codi Lascelles
839,1,24,Reserva.,10/19/2022,Ermina Gerner
840,31,49,Reserva.,3/8/2025,Marcelo Smalcombe
841,13,88,Tempo Integral,12/14/2021,Herby Hayle
842,81,26,Reserva.,6/7/2023,Mikkel Skett
843,15,80,Tempo Integral,10/5/2021,Carlene Pettingall
844,27,19,Reserva.,8/7/2024,Dacie O'Mullaney
845,15,93,Meio Período,6/28/2022,Herta Adao
846,16,62,Tempo Integral,8/30/2025,Rafa Skin
847,46,79,Meio Período,10/26/2024,Donalt Whistan
848,6,18,Reserva.,11/12/2023,Devon Brewins
849,76,32,Meio Período,4/27/2025,Sutton Bagguley
850,14,51,Meio Período,6/8/2023,Aila Blair
851,15,45,Meio Período,5/21/2025,Denny Ameer-Beg
852,26,23,Reserva.,10/28/2024,Cece Pepperd
853,72,97,Tempo Integral,3/28/2021,Van Barrs
854,43,91,Meio Período,2/28/2023,Jena Thickins
855,82,51,Meio Período,7/26/2025,Darin Gentil
856,93,3,Reserva.,9/14/2024,Kirby Anderbrugge
857,66,9,Reserva.,1/30/2022,Bel Jordine
858,49,5,Reserva.,5/20/2024,Pauli Nyssens
859,1,15,Tempo Integral,4/17/2025,Wain Coster
860,30,53,Tempo Integral,3/13/2021,Berthe Spruce
861,82,89,Meio Período,1/11/2024,Emmi Ledgeway
862,47,81,Reserva.,1/22/2023,Hector Dulin
863,10,67,Tempo Integral,8/28/2024,Don Vye
864,48,6,Meio Período,6/5/2024,Des Gonet
865,14,15,Reserva.,12/15/2024,Gui Saturley
866,36,1,Reserva.,6/27/2025,Billie Beakes
867,27,94,Tempo Integral,9/3/2025,Tobit Rendall
868,17,65,Meio Período,11/19/2023,Bellanca Gisburn
869,26,87,Reserva.,5/12/2024,Cory Iannetti
870,71,100,Meio Período,10/19/2022,Perry Semper
871,8,8,Reserva.,11/23/2024,Mandy Towler
872,35,28,Meio Período,2/20/2025,Amelina Leverich
873,32,57,Meio Período,7/8/2023,Cherianne Peto
874,65,24,Reserva.,4/27/2023,Urbanus Fortman
875,10,46,Meio Período,11/18/2020,Regan Earie
876,77,56,Meio Período,9/14/2023,Melisenda De Giorgis
877,66,63,Reserva.,11/2/2021,Horatius Hebden
878,92,41,Meio Período,3/3/2021,Udale Broderick
879,42,54,Meio Período,3/16/2023,Jobi Ludmann
880,3,76,Reserva.,3/19/2025,Sid Caneo
881,6,90,Tempo Integral,5/26/2022,Deanne Buttner
882,5,26,Reserva.,3/5/2025,Malvin Spridgeon
883,38,38,Reserva.,5/22/2022,Theodore Garvin
884,78,80,Tempo Integral,1/20/2022,Celia Doyle
885,23,82,Meio Período,10/18/2024,Walliw Sherrell
886,56,90,Meio Período,4/27/2025,Tallie Cicconettii
887,12,21,Reserva.,10/1/2025,Gnni Gottschalk
888,82,81,Meio Período,5/23/2025,Avram MacDearmid
889,24,80,Tempo Integral,6/9/2025,Grove Balston
890,76,19,Meio Período,1/10/2023,Saba Bastock
891,7,19,Tempo Integral,3/14/2023,Desdemona Baynes
892,89,83,Meio Período,7/13/2024,Lock Stobbie
893,37,74,Reserva.,7/18/2021,Bourke Di Boldi
894,82,77,Tempo Integral,8/6/2023,Sophi Gaitley
895,56,45,Tempo Integral,3/6/2021,Adriana Kmieciak
896,92,92,Meio Período,7/27/2022,Nolan Pervoe
897,13,50,Tempo Integral,5/24/2024,Levey McKinless
898,60,27,Meio Período,7/12/2024,Dot Losselyong
899,87,46,Meio Período,12/6/2020,Wesley Odam
900,58,49,Meio Período,10/8/2023,Abdul Trollope
901,89,78,Meio Período,7/30/2021,Stefano Montier
902,23,42,Reserva.,5/31/2022,Torin Bateman
903,5,3,Reserva.,4/9/2022,Norris Abrahamsohn
904,32,34,Meio Período,4/12/2022,Abran Bernini
905,74,10,Reserva.,7/30/2024,Klarika Ellard
906,6,92,Tempo Integral,9/19/2022,Massimiliano McKeevers
907,98,25,Reserva.,2/13/2025,Reidar Eskrick
908,10,76,Reserva.,7/12/2025,Nels Rumbelow
909,38,74,Meio Período,10/20/2022,Ailina Bonnyson
910,64,36,Reserva.,12/22/2023,Chicky Kurdani
911,33,7,Reserva.,1/1/2023,Skelly Vondrak
912,3,69,Meio Período,7/27/2023,Deny O'Garmen
913,76,48,Tempo Integral,7/28/2025,Mureil Swalowe
914,8,80,Reserva.,5/5/2023,Carleen Greneham
915,41,22,Meio Período,1/13/2025,Frazer Blakeney
916,50,6,Tempo Integral,11/10/2021,Claiborn Oguz
917,36,28,Reserva.,11/23/2023,Georg Rusling
918,54,21,Reserva.,4/2/2023,Sandye Dolling
919,5,9,Tempo Integral,3/26/2024,Jonathan Balsom
920,75,20,Tempo Integral,2/8/2022,Bjorn Goschalk
921,15,24,Meio Período,7/24/2022,Izabel Ogelbe
922,98,36,Tempo Integral,10/27/2025,Jo-anne Pyke
923,41,23,Reserva.,8/28/2023,Cleveland Ahrendsen
924,65,29,Reserva.,3/16/2021,Derek Papps
925,24,8,Meio Período,12/13/2021,Andreas Grinyakin
926,66,16,Tempo Integral,10/27/2025,Taffy Cupitt
927,13,85,Tempo Integral,1/7/2021,Yevette Lodwig
928,23,74,Reserva.,7/3/2021,Vanessa Isacke
929,82,26,Meio Período,8/3/2024,Mandie Wilkes
930,70,97,Reserva.,8/2/2021,Allyson Jessard
931,59,78,Meio Período,1/27/2024,Jacobo Restorick
932,82,75,Meio Período,7/15/2023,Linn Tomes
933,88,94,Tempo Integral,11/29/2021,Alanna Maling
934,37,72,Reserva.,5/15/2025,Mack Lago
935,92,6,Reserva.,3/27/2022,Deborah Krishtopaittis
936,72,10,Meio Período,1/7/2022,Wilfred Siverns
937,22,24,Meio Período,6/8/2022,Barrie Alyukin
938,33,63,Meio Período,11/10/2021,Hayden Arne
939,27,1,Meio Período,2/27/2025,Wallas Raunds
940,20,43,Meio Período,5/31/2024,Earvin Ruperto
941,66,60,Meio Período,9/23/2024,Jeanette Ellicombe
942,25,19,Meio Período,8/5/2023,Ricki Ryott
943,19,100,Meio Período,5/31/2022,Blisse Gumey
944,5,44,Meio Período,3/28/2022,Idell Walrond
945,33,61,Tempo Integral,7/5/2025,Payton Loughan
946,38,98,Reserva.,3/11/2023,Rici Tutt
947,81,68,Meio Período,1/17/2025,Hobey Pynn
948,87,45,Tempo Integral,1/11/2023,Sissie Congdon
949,59,4,Meio Período,5/31/2024,Christiane Cunnane
950,28,76,Meio Período,11/6/2023,Rolf Currier
951,98,40,Tempo Integral,10/27/2021,Genna Mallabon
952,28,91,Meio Período,3/23/2021,Clayborn Denny
953,7,69,Tempo Integral,5/1/2022,Blaire Keyzman
954,25,5,Tempo Integral,3/16/2022,Ellette Grimble
955,14,76,Tempo Integral,5/31/2024,Harriette Pendrich
956,13,39,Meio Período,8/10/2025,Anton Spennock
957,55,68,Tempo Integral,3/30/2022,Zachariah Cockshutt
958,76,93,Tempo Integral,3/2/2025,Waverley Gonin
959,75,57,Reserva.,1/26/2025,Abdul Sans
960,92,37,Meio Período,3/11/2022,Sully Sweed
961,50,70,Meio Período,7/3/2023,Kendricks Gooders
962,22,14,Reserva.,10/30/2023,Donavon Vigors
963,41,47,Meio Período,6/22/2021,Merrielle Boorne
964,82,96,Reserva.,3/13/2024,Whitby Kondratowicz
965,38,5,Meio Período,11/11/2024,Teodoor Sellwood
966,34,79,Meio Período,11/29/2020,Raddie Stitt
967,73,44,Reserva.,8/25/2021,Karin Rain
968,44,94,Tempo Integral,11/18/2022,Raphael Cownden
969,66,47,Meio Período,8/7/2021,Cullie Wyllis
970,30,55,Meio Período,6/6/2024,Lay Cogswell
971,36,16,Meio Período,3/4/2024,Miran Custed
972,22,36,Meio Período,5/29/2024,Karlie Cashell
973,20,68,Reserva.,5/7/2023,Hermia Ottey
974,9,77,Tempo Integral,1/16/2024,Jaclin Seabrooke
975,3,2,Tempo Integral,9/29/2025,Alain Samuels
976,97,11,Meio Período,7/14/2021,Blane Durgan
977,70,73,Tempo Integral,11/16/2023,Eli Whysall
978,48,43,Tempo Integral,5/4/2024,Gerda Lyvon
979,29,74,Tempo Integral,3/7/2023,Sherm Rhodus
980,13,51,Meio Período,1/31/2023,Edna Gateman
981,84,30,Tempo Integral,6/14/2023,Allister Headley
982,87,23,Tempo Integral,8/1/2021,Junina Ghilardini
983,65,81,Tempo Integral,9/12/2021,Teriann Bolzmann
984,56,30,Tempo Integral,6/2/2023,Gusella Zorn
985,43,32,Reserva.,7/30/2025,Vern Selland
986,45,94,Tempo Integral,5/31/2021,Thaddeus Girardey
987,43,76,Reserva.,1/14/2024,Husein Klimt
988,51,4,Reserva.,10/18/2024,Kathye Jacobsz
989,11,16,Meio Período,1/21/2022,Sande Vaadeland
990,19,95,Tempo Integral,10/24/2021,Axe Kaminski
991,8,18,Tempo Integral,11/2/2022,Frayda Vlasenkov
992,29,34,Meio Período,1/26/2024,Tabitha Stepto
993,47,84,Meio Período,11/1/2020,Moshe Bucklan
994,44,97,Tempo Integral,7/28/2022,Beatrisa Blakeston
995,4,32,Meio Período,4/15/2025,Gisela Wingar
996,92,53,Tempo Integral,10/5/2024,Salim Woodall
997,69,91,Reserva.,6/25/2021,Ninnette Dibson
998,54,60,Reserva.,4/6/2023,Creighton Overall
999,33,19,Meio Período,10/31/2023,Dulce Farlowe
1000,15,21,Reserva.,10/12/2025,Reagan Thuillier
